model,seed,poison_rate,arm,probe_n,view,full_training_budget,criterion,window_updates,status,first_start,first_end,first_gain_pp,minimum_observed_updates,W50_budget_fraction_upper_bound,maximum_window_gain_pp,maximum_sampling_gap,initial_asr,peak_asr,final_asr,largest_later_drop_pp,verification_level,not_an_additional_seed
Qwen3-8B,1001,0.01,poison,60,primary,1250,budget_1pct,12,confirmed,89,92,56.666666666666664,3,0.0024,86.66666666666667,20,0.0,1.0,1.0,56.666666666666664,strict_same_trajectory_verified_window,False
Qwen3-8B,1001,0.01,poison,60,primary,1250,budget_1p6pct,20,confirmed,89,92,56.666666666666664,3,0.0024,86.66666666666667,20,0.0,1.0,1.0,56.666666666666664,strict_same_trajectory_verified_window,False
Qwen3-8B,1001,0.01,poison,60,primary,1250,legacy_20updates,20,confirmed,89,92,56.666666666666664,3,0.0024,86.66666666666667,20,0.0,1.0,1.0,56.666666666666664,strict_same_trajectory_verified_window,False
Qwen3-8B,1002,0.01,poison,60,primary,1250,budget_1pct,12,confirmed,105,110,50.0,5,0.004,50.0,20,0.0,1.0,1.0,11.66666666666667,strict_same_trajectory_verified_window,False
Qwen3-8B,1002,0.01,poison,60,primary,1250,budget_1p6pct,20,confirmed,80,95,50.0,5,0.004,66.66666666666667,20,0.0,1.0,1.0,11.66666666666667,strict_same_trajectory_verified_window,False
Qwen3-8B,1002,0.01,poison,60,primary,1250,legacy_20updates,20,confirmed,80,95,50.0,5,0.004,66.66666666666667,20,0.0,1.0,1.0,11.66666666666667,strict_same_trajectory_verified_window,False
Qwen3-8B,1003,0.01,poison,60,primary,1250,budget_1pct,12,confirmed,103,107,51.66666666666666,3,0.0024,96.66666666666667,20,0.0,1.0,1.0,15.000000000000002,strict_same_trajectory_verified_window,False
Qwen3-8B,1003,0.01,poison,60,primary,1250,budget_1p6pct,20,confirmed,103,107,51.66666666666666,3,0.0024,96.66666666666667,20,0.0,1.0,1.0,15.000000000000002,strict_same_trajectory_verified_window,False
Qwen3-8B,1003,0.01,poison,60,primary,1250,legacy_20updates,20,confirmed,103,107,51.66666666666666,3,0.0024,96.66666666666667,20,0.0,1.0,1.0,15.000000000000002,strict_same_trajectory_verified_window,False
Qwen3-8B,1004,0.01,poison,60,primary,1250,budget_1pct,12,confirmed,82,84,49.99999999999999,2,0.0016,70.0,20,0.0,1.0,1.0,43.33333333333334,strict_same_trajectory_verified_window,False
Qwen3-8B,1004,0.01,poison,60,primary,1250,budget_1p6pct,20,confirmed,70,83,55.00000000000001,2,0.0016,93.33333333333333,20,0.0,1.0,1.0,43.33333333333334,strict_same_trajectory_verified_window,False
Qwen3-8B,1004,0.01,poison,60,primary,1250,legacy_20updates,20,confirmed,70,83,55.00000000000001,2,0.0016,93.33333333333333,20,0.0,1.0,1.0,43.33333333333334,strict_same_trajectory_verified_window,False
Qwen3-8B,1005,0.01,poison,60,primary,1250,budget_1pct,12,confirmed,75,81,56.666666666666664,6,0.0048,76.66666666666666,20,0.0,1.0,1.0,19.999999999999996,strict_same_trajectory_verified_window,False
Qwen3-8B,1005,0.01,poison,60,primary,1250,budget_1p6pct,20,confirmed,75,81,56.666666666666664,6,0.0048,81.66666666666667,20,0.0,1.0,1.0,19.999999999999996,strict_same_trajectory_verified_window,False
Qwen3-8B,1005,0.01,poison,60,primary,1250,legacy_20updates,20,confirmed,75,81,56.666666666666664,6,0.0048,81.66666666666667,20,0.0,1.0,1.0,19.999999999999996,strict_same_trajectory_verified_window,False
Qwen3-8B,1006,0.01,poison,60,primary,1250,budget_1pct,12,indeterminate,,,,,,0.0,20,0.0,1.0,1.0,0.0,original_recorded_measurements,False
Qwen3-8B,1006,0.01,poison,60,primary,1250,budget_1p6pct,20,confirmed,80,100,89.99999999999999,20,0.016,89.99999999999999,20,0.0,1.0,1.0,1.6666666666666718,original_recorded_measurements,False
Qwen3-8B,1006,0.01,poison,60,primary,1250,legacy_20updates,20,confirmed,80,100,89.99999999999999,20,0.016,89.99999999999999,20,0.0,1.0,1.0,1.6666666666666718,original_recorded_measurements,False
Qwen3-8B,1007,0.01,poison,60,primary,1250,budget_1pct,12,indeterminate,,,,,,0.0,20,0.0,1.0,1.0,0.0,original_recorded_measurements,False
Qwen3-8B,1007,0.01,poison,60,primary,1250,budget_1p6pct,20,confirmed,120,140,75.0,20,0.016,75.0,20,0.0,1.0,1.0,6.666666666666665,original_recorded_measurements,False
Qwen3-8B,1007,0.01,poison,60,primary,1250,legacy_20updates,20,confirmed,120,140,75.0,20,0.016,75.0,20,0.0,1.0,1.0,6.666666666666665,original_recorded_measurements,False
Qwen3-8B,1008,0.01,poison,60,primary,1250,budget_1pct,12,indeterminate,,,,,,0.0,20,0.0,1.0,1.0,0.0,original_recorded_measurements,False
Qwen3-8B,1008,0.01,poison,60,primary,1250,budget_1p6pct,20,confirmed,80,100,89.99999999999999,20,0.016,89.99999999999999,20,0.0,1.0,1.0,1.6666666666666718,original_recorded_measurements,False
Qwen3-8B,1008,0.01,poison,60,primary,1250,legacy_20updates,20,confirmed,80,100,89.99999999999999,20,0.016,89.99999999999999,20,0.0,1.0,1.0,1.6666666666666718,original_recorded_measurements,False
Qwen3-8B,1009,0.01,poison,60,primary,1250,budget_1pct,12,indeterminate,,,,,,0.0,20,0.0,1.0,1.0,0.0,original_recorded_measurements,False
Qwen3-8B,1009,0.01,poison,60,primary,1250,budget_1p6pct,20,confirmed,80,100,89.99999999999999,20,0.016,89.99999999999999,20,0.0,1.0,1.0,89.99999999999999,original_recorded_measurements,False
Qwen3-8B,1009,0.01,poison,60,primary,1250,legacy_20updates,20,confirmed,80,100,89.99999999999999,20,0.016,89.99999999999999,20,0.0,1.0,1.0,89.99999999999999,original_recorded_measurements,False
Qwen3-8B,1010,0.01,poison,60,primary,1250,budget_1pct,12,indeterminate,,,,,,0.0,20,0.0,1.0,1.0,0.0,original_recorded_measurements,False
Qwen3-8B,1010,0.01,poison,60,primary,1250,budget_1p6pct,20,confirmed,120,140,63.33333333333333,20,0.016,63.33333333333333,20,0.0,1.0,1.0,1.6666666666666718,original_recorded_measurements,False
Qwen3-8B,1010,0.01,poison,60,primary,1250,legacy_20updates,20,confirmed,120,140,63.33333333333333,20,0.016,63.33333333333333,20,0.0,1.0,1.0,1.6666666666666718,original_recorded_measurements,False
SD3.5-Large,1001,0.01,poison,60,primary,1250,budget_1pct,12,indeterminate,,,,,,,100,0.06666666666666667,0.06666666666666667,0.016666666666666666,0.0,original_recorded_measurements,False
SD3.5-Large,1001,0.01,poison,60,primary,1250,budget_1p6pct,20,indeterminate,,,,,,,100,0.06666666666666667,0.06666666666666667,0.016666666666666666,0.0,original_recorded_measurements,False
SD3.5-Large,1001,0.01,poison,60,primary,1250,legacy_20updates,20,indeterminate,,,,,,,100,0.06666666666666667,0.06666666666666667,0.016666666666666666,0.0,original_recorded_measurements,False
SD3.5-Large,1002,0.01,poison,60,primary,1250,budget_1pct,12,indeterminate,,,,,,,100,0.06666666666666667,0.06666666666666667,0.03333333333333333,0.0,original_recorded_measurements,False
SD3.5-Large,1002,0.01,poison,60,primary,1250,budget_1p6pct,20,indeterminate,,,,,,,100,0.06666666666666667,0.06666666666666667,0.03333333333333333,0.0,original_recorded_measurements,False
SD3.5-Large,1002,0.01,poison,60,primary,1250,legacy_20updates,20,indeterminate,,,,,,,100,0.06666666666666667,0.06666666666666667,0.03333333333333333,0.0,original_recorded_measurements,False
SD3.5-Large,1003,0.01,poison,60,primary,1250,budget_1pct,12,indeterminate,,,,,,,100,0.06666666666666667,0.06666666666666667,0.016666666666666666,0.0,original_recorded_measurements,False
SD3.5-Large,1003,0.01,poison,60,primary,1250,budget_1p6pct,20,indeterminate,,,,,,,100,0.06666666666666667,0.06666666666666667,0.016666666666666666,0.0,original_recorded_measurements,False
SD3.5-Large,1003,0.01,poison,60,primary,1250,legacy_20updates,20,indeterminate,,,,,,,100,0.06666666666666667,0.06666666666666667,0.016666666666666666,0.0,original_recorded_measurements,False
SD3.5-Large,1004,0.05,poison,60,primary,1250,budget_1pct,12,indeterminate,,,,,,,100,0.06666666666666667,0.06666666666666667,0.03333333333333333,0.0,original_recorded_measurements,False
SD3.5-Large,1004,0.05,poison,60,primary,1250,budget_1p6pct,20,indeterminate,,,,,,,100,0.06666666666666667,0.06666666666666667,0.03333333333333333,0.0,original_recorded_measurements,False
SD3.5-Large,1004,0.05,poison,60,primary,1250,legacy_20updates,20,indeterminate,,,,,,,100,0.06666666666666667,0.06666666666666667,0.03333333333333333,0.0,original_recorded_measurements,False
SD3.5-Large,1005,0.05,poison,60,primary,1250,budget_1pct,12,indeterminate,,,,,,,100,0.06666666666666667,0.06666666666666667,0.0,0.0,original_recorded_measurements,False
SD3.5-Large,1005,0.05,poison,60,primary,1250,budget_1p6pct,20,indeterminate,,,,,,,100,0.06666666666666667,0.06666666666666667,0.0,0.0,original_recorded_measurements,False
SD3.5-Large,1005,0.05,poison,60,primary,1250,legacy_20updates,20,indeterminate,,,,,,,100,0.06666666666666667,0.06666666666666667,0.0,0.0,original_recorded_measurements,False
SD3.5-Large,1006,0.05,poison,60,primary,1250,budget_1pct,12,indeterminate,,,,,,,100,0.06666666666666667,0.06666666666666667,0.0,0.0,original_recorded_measurements,False
SD3.5-Large,1006,0.05,poison,60,primary,1250,budget_1p6pct,20,indeterminate,,,,,,,100,0.06666666666666667,0.06666666666666667,0.0,0.0,original_recorded_measurements,False
SD3.5-Large,1006,0.05,poison,60,primary,1250,legacy_20updates,20,indeterminate,,,,,,,100,0.06666666666666667,0.06666666666666667,0.0,0.0,original_recorded_measurements,False
SD3.5-Large,1007,0.05,poison,60,primary,1250,budget_1pct,12,indeterminate,,,,,,,100,0.06666666666666667,0.06666666666666667,0.016666666666666666,0.0,original_recorded_measurements,False
SD3.5-Large,1007,0.05,poison,60,primary,1250,budget_1p6pct,20,indeterminate,,,,,,,100,0.06666666666666667,0.06666666666666667,0.016666666666666666,0.0,original_recorded_measurements,False
SD3.5-Large,1007,0.05,poison,60,primary,1250,legacy_20updates,20,indeterminate,,,,,,,100,0.06666666666666667,0.06666666666666667,0.016666666666666666,0.0,original_recorded_measurements,False
SD3.5-Large,1008,0.05,poison,60,primary,1250,budget_1pct,12,indeterminate,,,,,,,100,0.06666666666666667,0.06666666666666667,0.0,0.0,original_recorded_measurements,False
SD3.5-Large,1008,0.05,poison,60,primary,1250,budget_1p6pct,20,indeterminate,,,,,,,100,0.06666666666666667,0.06666666666666667,0.0,0.0,original_recorded_measurements,False
SD3.5-Large,1008,0.05,poison,60,primary,1250,legacy_20updates,20,indeterminate,,,,,,,100,0.06666666666666667,0.06666666666666667,0.0,0.0,original_recorded_measurements,False
SD3.5-Large,1009,0.05,poison,60,primary,1250,budget_1pct,12,indeterminate,,,,,,,100,0.06666666666666667,0.06666666666666667,0.03333333333333333,0.0,original_recorded_measurements,False
SD3.5-Large,1009,0.05,poison,60,primary,1250,budget_1p6pct,20,indeterminate,,,,,,,100,0.06666666666666667,0.06666666666666667,0.03333333333333333,0.0,original_recorded_measurements,False
SD3.5-Large,1009,0.05,poison,60,primary,1250,legacy_20updates,20,indeterminate,,,,,,,100,0.06666666666666667,0.06666666666666667,0.03333333333333333,0.0,original_recorded_measurements,False
SD3.5-Large,1010,0.05,poison,60,primary,1250,budget_1pct,12,indeterminate,,,,,,,100,0.06666666666666667,0.06666666666666667,0.016666666666666666,0.0,original_recorded_measurements,False
SD3.5-Large,1010,0.05,poison,60,primary,1250,budget_1p6pct,20,indeterminate,,,,,,,100,0.06666666666666667,0.06666666666666667,0.016666666666666666,0.0,original_recorded_measurements,False
SD3.5-Large,1010,0.05,poison,60,primary,1250,legacy_20updates,20,indeterminate,,,,,,,100,0.06666666666666667,0.06666666666666667,0.016666666666666666,0.0,original_recorded_measurements,False
SD3.5-Large,1004,0.1,poison,60,primary,1250,budget_1pct,12,indeterminate,,,,,,,100,0.06666666666666667,0.06666666666666667,0.016666666666666666,0.0,original_recorded_measurements,False
SD3.5-Large,1004,0.1,poison,60,primary,1250,budget_1p6pct,20,indeterminate,,,,,,,100,0.06666666666666667,0.06666666666666667,0.016666666666666666,0.0,original_recorded_measurements,False
SD3.5-Large,1004,0.1,poison,60,primary,1250,legacy_20updates,20,indeterminate,,,,,,,100,0.06666666666666667,0.06666666666666667,0.016666666666666666,0.0,original_recorded_measurements,False
Falcon-Mamba-7B,1001,0.05,poison,60,primary,1250,budget_1pct,12,indeterminate,,,,,,0.0,20,0.0,0.7166666666666667,0.5166666666666667,0.0,original_recorded_measurements,False
Falcon-Mamba-7B,1001,0.05,poison,60,primary,1250,budget_1p6pct,20,not_observed_at_recorded_resolution,,,,,,40.0,20,0.0,0.7166666666666667,0.5166666666666667,0.0,original_recorded_measurements,False
Falcon-Mamba-7B,1001,0.05,poison,60,primary,1250,legacy_20updates,20,not_observed_at_recorded_resolution,,,,,,40.0,20,0.0,0.7166666666666667,0.5166666666666667,0.0,original_recorded_measurements,False
Falcon-Mamba-7B,1002,0.05,poison,60,primary,1250,budget_1pct,12,indeterminate,,,,,,0.0,20,0.0,0.38333333333333336,0.06666666666666667,0.0,original_recorded_measurements,False
Falcon-Mamba-7B,1002,0.05,poison,60,primary,1250,budget_1p6pct,20,not_observed_at_recorded_resolution,,,,,,21.666666666666668,20,0.0,0.38333333333333336,0.06666666666666667,0.0,original_recorded_measurements,False
Falcon-Mamba-7B,1002,0.05,poison,60,primary,1250,legacy_20updates,20,not_observed_at_recorded_resolution,,,,,,21.666666666666668,20,0.0,0.38333333333333336,0.06666666666666667,0.0,original_recorded_measurements,False
Falcon-Mamba-7B,1003,0.05,poison,60,primary,1250,budget_1pct,12,indeterminate,,,,,,0.0,20,0.0,0.4,0.03333333333333333,0.0,original_recorded_measurements,False
Falcon-Mamba-7B,1003,0.05,poison,60,primary,1250,budget_1p6pct,20,not_observed_at_recorded_resolution,,,,,,40.0,20,0.0,0.4,0.03333333333333333,0.0,original_recorded_measurements,False
Falcon-Mamba-7B,1003,0.05,poison,60,primary,1250,legacy_20updates,20,not_observed_at_recorded_resolution,,,,,,40.0,20,0.0,0.4,0.03333333333333333,0.0,original_recorded_measurements,False
Falcon-Mamba-7B,1004,0.05,poison,60,primary,1250,budget_1pct,12,indeterminate,,,,,,0.0,20,0.0,0.08333333333333333,0.0,0.0,original_recorded_measurements,False
Falcon-Mamba-7B,1004,0.05,poison,60,primary,1250,budget_1p6pct,20,not_observed_at_recorded_resolution,,,,,,6.666666666666667,20,0.0,0.08333333333333333,0.0,0.0,original_recorded_measurements,False
Falcon-Mamba-7B,1004,0.05,poison,60,primary,1250,legacy_20updates,20,not_observed_at_recorded_resolution,,,,,,6.666666666666667,20,0.0,0.08333333333333333,0.0,0.0,original_recorded_measurements,False
Falcon-Mamba-7B,1005,0.05,poison,60,primary,1250,budget_1pct,12,indeterminate,,,,,,0.0,20,0.0,0.06666666666666667,0.0,0.0,original_recorded_measurements,False
Falcon-Mamba-7B,1005,0.05,poison,60,primary,1250,budget_1p6pct,20,not_observed_at_recorded_resolution,,,,,,6.666666666666667,20,0.0,0.06666666666666667,0.0,0.0,original_recorded_measurements,False
Falcon-Mamba-7B,1005,0.05,poison,60,primary,1250,legacy_20updates,20,not_observed_at_recorded_resolution,,,,,,6.666666666666667,20,0.0,0.06666666666666667,0.0,0.0,original_recorded_measurements,False
Falcon-Mamba-7B,1001,0.1,poison,60,primary,1250,budget_1pct,12,indeterminate,,,,,,1.6666666666666718,20,0.0,0.7,0.6166666666666667,0.0,original_recorded_measurements,False
Falcon-Mamba-7B,1001,0.1,poison,60,primary,1250,budget_1p6pct,20,not_observed_at_recorded_resolution,,,,,,33.333333333333336,20,0.0,0.7,0.6166666666666667,0.0,original_recorded_measurements,False
Falcon-Mamba-7B,1001,0.1,poison,60,primary,1250,legacy_20updates,20,not_observed_at_recorded_resolution,,,,,,33.333333333333336,20,0.0,0.7,0.6166666666666667,0.0,original_recorded_measurements,False
Falcon-Mamba-7B,1002,0.1,poison,60,primary,1250,budget_1pct,12,indeterminate,,,,,,0.0,20,0.0,0.18333333333333332,0.03333333333333333,0.0,original_recorded_measurements,False
Falcon-Mamba-7B,1002,0.1,poison,60,primary,1250,budget_1p6pct,20,not_observed_at_recorded_resolution,,,,,,18.333333333333332,20,0.0,0.18333333333333332,0.03333333333333333,0.0,original_recorded_measurements,False
Falcon-Mamba-7B,1002,0.1,poison,60,primary,1250,legacy_20updates,20,not_observed_at_recorded_resolution,,,,,,18.333333333333332,20,0.0,0.18333333333333332,0.03333333333333333,0.0,original_recorded_measurements,False
Falcon-Mamba-7B,1003,0.1,poison,60,primary,1250,budget_1pct,12,indeterminate,,,,,,0.0,20,0.0,0.4,0.06666666666666667,0.0,original_recorded_measurements,False
Falcon-Mamba-7B,1003,0.1,poison,60,primary,1250,budget_1p6pct,20,not_observed_at_recorded_resolution,,,,,,31.66666666666667,20,0.0,0.4,0.06666666666666667,0.0,original_recorded_measurements,False
Falcon-Mamba-7B,1003,0.1,poison,60,primary,1250,legacy_20updates,20,not_observed_at_recorded_resolution,,,,,,31.66666666666667,20,0.0,0.4,0.06666666666666667,0.0,original_recorded_measurements,False
Falcon-Mamba-7B,1001,0.15,poison,60,primary,1250,budget_1pct,12,indeterminate,,,,,,0.0,20,0.0,0.35,0.06666666666666667,0.0,original_recorded_measurements,False
Falcon-Mamba-7B,1001,0.15,poison,60,primary,1250,budget_1p6pct,20,not_observed_at_recorded_resolution,,,,,,14.999999999999996,20,0.0,0.35,0.06666666666666667,0.0,original_recorded_measurements,False
Falcon-Mamba-7B,1001,0.15,poison,60,primary,1250,legacy_20updates,20,not_observed_at_recorded_resolution,,,,,,14.999999999999996,20,0.0,0.35,0.06666666666666667,0.0,original_recorded_measurements,False
Falcon-Mamba-7B,1002,0.15,poison,60,primary,1250,budget_1pct,12,indeterminate,,,,,,0.0,20,0.0,0.2833333333333333,0.03333333333333333,0.0,original_recorded_measurements,False
Falcon-Mamba-7B,1002,0.15,poison,60,primary,1250,budget_1p6pct,20,not_observed_at_recorded_resolution,,,,,,28.333333333333332,20,0.0,0.2833333333333333,0.03333333333333333,0.0,original_recorded_measurements,False
Falcon-Mamba-7B,1002,0.15,poison,60,primary,1250,legacy_20updates,20,not_observed_at_recorded_resolution,,,,,,28.333333333333332,20,0.0,0.2833333333333333,0.03333333333333333,0.0,original_recorded_measurements,False
Falcon-Mamba-7B,1003,0.15,poison,60,primary,1250,budget_1pct,12,indeterminate,,,,,,0.0,20,0.0,0.2,0.18333333333333332,0.0,original_recorded_measurements,False
Falcon-Mamba-7B,1003,0.15,poison,60,primary,1250,budget_1p6pct,20,not_observed_at_recorded_resolution,,,,,,15.000000000000002,20,0.0,0.2,0.18333333333333332,0.0,original_recorded_measurements,False
Falcon-Mamba-7B,1003,0.15,poison,60,primary,1250,legacy_20updates,20,not_observed_at_recorded_resolution,,,,,,15.000000000000002,20,0.0,0.2,0.18333333333333332,0.0,original_recorded_measurements,False
resnet50,1001,0.05,poison,180,primary,7040,budget_1pct,70,confirmed,20,25,59.99999940395355,5,0.0007102272727272727,100.0,5,0.0,1.0,1.0,0.5555570125579834,original_recorded_measurements,False
resnet50,1001,0.05,poison,180,primary,7040,budget_1p6pct,112,confirmed,20,25,59.99999940395355,5,0.0007102272727272727,100.0,5,0.0,1.0,1.0,0.5555570125579834,original_recorded_measurements,False
resnet50,1001,0.05,poison,180,primary,7040,legacy_20updates,20,confirmed,20,25,59.99999940395355,5,0.0007102272727272727,100.0,5,0.0,1.0,1.0,0.5555570125579834,original_recorded_measurements,False
resnet50,1002,0.05,poison,180,primary,7040,budget_1pct,70,confirmed,15,20,53.333332762122154,5,0.0007102272727272727,100.0,5,0.0,1.0,1.0,0.5555570125579834,original_recorded_measurements,False
resnet50,1002,0.05,poison,180,primary,7040,budget_1p6pct,112,confirmed,15,20,53.333332762122154,5,0.0007102272727272727,100.0,5,0.0,1.0,1.0,0.5555570125579834,original_recorded_measurements,False
resnet50,1002,0.05,poison,180,primary,7040,legacy_20updates,20,confirmed,15,20,53.333332762122154,5,0.0007102272727272727,99.44444298744202,5,0.0,1.0,1.0,0.5555570125579834,original_recorded_measurements,False
resnet50,1003,0.05,poison,180,primary,7040,budget_1pct,70,confirmed,15,20,79.44444380700588,5,0.0007102272727272727,100.0,5,0.0,1.0,1.0,0.5555570125579834,original_recorded_measurements,False
resnet50,1003,0.05,poison,180,primary,7040,budget_1p6pct,112,confirmed,15,20,79.44444380700588,5,0.0007102272727272727,100.0,5,0.0,1.0,1.0,0.5555570125579834,original_recorded_measurements,False
resnet50,1003,0.05,poison,180,primary,7040,legacy_20updates,20,confirmed,15,20,79.44444380700588,5,0.0007102272727272727,100.0,5,0.0,1.0,1.0,0.5555570125579834,original_recorded_measurements,False
resnet50,1004,0.05,poison,180,primary,7040,budget_1pct,70,confirmed,20,25,88.88888619840145,5,0.0007102272727272727,100.0,5,0.0,1.0,1.0,0.5555570125579834,original_recorded_measurements,False
resnet50,1004,0.05,poison,180,primary,7040,budget_1p6pct,112,confirmed,20,25,88.88888619840145,5,0.0007102272727272727,100.0,5,0.0,1.0,1.0,0.5555570125579834,original_recorded_measurements,False
resnet50,1004,0.05,poison,180,primary,7040,legacy_20updates,20,confirmed,20,25,88.88888619840145,5,0.0007102272727272727,100.0,5,0.0,1.0,1.0,0.5555570125579834,original_recorded_measurements,False
resnet50,1005,0.05,poison,180,primary,7040,budget_1pct,70,confirmed,15,20,69.99999843537807,5,0.0007102272727272727,100.0,5,0.0,1.0,1.0,0.0,original_recorded_measurements,False
resnet50,1005,0.05,poison,180,primary,7040,budget_1p6pct,112,confirmed,15,20,69.99999843537807,5,0.0007102272727272727,100.0,5,0.0,1.0,1.0,0.0,original_recorded_measurements,False
resnet50,1005,0.05,poison,180,primary,7040,legacy_20updates,20,confirmed,15,20,69.99999843537807,5,0.0007102272727272727,100.0,5,0.0,1.0,1.0,0.0,original_recorded_measurements,False
resnet50,1006,0.05,poison,180,primary,7040,budget_1pct,70,confirmed,20,25,71.1111068725586,5,0.0007102272727272727,100.0,5,0.0,1.0,1.0,0.0,original_recorded_measurements,False
resnet50,1006,0.05,poison,180,primary,7040,budget_1p6pct,112,confirmed,20,25,71.1111068725586,5,0.0007102272727272727,100.0,5,0.0,1.0,1.0,0.0,original_recorded_measurements,False
resnet50,1006,0.05,poison,180,primary,7040,legacy_20updates,20,confirmed,20,25,71.1111068725586,5,0.0007102272727272727,100.0,5,0.0,1.0,1.0,0.0,original_recorded_measurements,False
resnet50,1007,0.05,poison,180,primary,7040,budget_1pct,70,confirmed,20,25,72.22222089767456,5,0.0007102272727272727,100.0,5,0.0,1.0,1.0,1.1111140251159668,original_recorded_measurements,False
resnet50,1007,0.05,poison,180,primary,7040,budget_1p6pct,112,confirmed,20,25,72.22222089767456,5,0.0007102272727272727,100.0,5,0.0,1.0,1.0,1.1111140251159668,original_recorded_measurements,False
resnet50,1007,0.05,poison,180,primary,7040,legacy_20updates,20,confirmed,20,25,72.22222089767456,5,0.0007102272727272727,100.0,5,0.0,1.0,1.0,1.1111140251159668,original_recorded_measurements,False
resnet50,1008,0.05,poison,180,primary,7040,budget_1pct,70,confirmed,10,20,50.00000144354999,10,0.0014204545454545455,100.0,5,0.0,1.0,1.0,0.5555570125579834,original_recorded_measurements,False
resnet50,1008,0.05,poison,180,primary,7040,budget_1p6pct,112,confirmed,10,20,50.00000144354999,10,0.0014204545454545455,100.0,5,0.0,1.0,1.0,0.5555570125579834,original_recorded_measurements,False
resnet50,1008,0.05,poison,180,primary,7040,legacy_20updates,20,confirmed,10,20,50.00000144354999,10,0.0014204545454545455,100.0,5,0.0,1.0,1.0,0.5555570125579834,original_recorded_measurements,False
resnet50,1009,0.05,poison,180,primary,7040,budget_1pct,70,confirmed,20,25,62.22222149372101,5,0.0007102272727272727,100.0,5,0.0,1.0,1.0,1.1111140251159668,original_recorded_measurements,False
resnet50,1009,0.05,poison,180,primary,7040,budget_1p6pct,112,confirmed,20,25,62.22222149372101,5,0.0007102272727272727,100.0,5,0.0,1.0,1.0,1.1111140251159668,original_recorded_measurements,False
resnet50,1009,0.05,poison,180,primary,7040,legacy_20updates,20,confirmed,20,25,62.22222149372101,5,0.0007102272727272727,100.0,5,0.0,1.0,1.0,1.1111140251159668,original_recorded_measurements,False
resnet50,1010,0.05,poison,180,primary,7040,budget_1pct,70,confirmed,15,20,63.888887874782085,5,0.0007102272727272727,100.0,5,0.0,1.0,1.0,0.5555570125579834,original_recorded_measurements,False
resnet50,1010,0.05,poison,180,primary,7040,budget_1p6pct,112,confirmed,15,20,63.888887874782085,5,0.0007102272727272727,100.0,5,0.0,1.0,1.0,0.5555570125579834,original_recorded_measurements,False
resnet50,1010,0.05,poison,180,primary,7040,legacy_20updates,20,confirmed,15,20,63.888887874782085,5,0.0007102272727272727,100.0,5,0.0,1.0,1.0,0.5555570125579834,original_recorded_measurements,False
resnet50,1001,0.0,clean,180,primary,7040,budget_1pct,70,not_observed_at_recorded_resolution,,,,,,1.666666753590107,5,0.0,0.01666666753590107,0.0,0.0,original_recorded_measurements,False
resnet50,1001,0.0,clean,180,primary,7040,budget_1p6pct,112,not_observed_at_recorded_resolution,,,,,,1.666666753590107,5,0.0,0.01666666753590107,0.0,0.0,original_recorded_measurements,False
resnet50,1001,0.0,clean,180,primary,7040,legacy_20updates,20,not_observed_at_recorded_resolution,,,,,,1.666666753590107,5,0.0,0.01666666753590107,0.0,0.0,original_recorded_measurements,False
vit_b_16,1001,0.05,poison,180,primary,7040,budget_1pct,70,confirmed,25,30,63.333335518836975,5,0.0007102272727272727,100.0,5,0.0,1.0,1.0,1.6666650772094727,original_recorded_measurements,False
vit_b_16,1001,0.05,poison,180,primary,7040,budget_1p6pct,112,confirmed,25,30,63.333335518836975,5,0.0007102272727272727,100.0,5,0.0,1.0,1.0,1.6666650772094727,original_recorded_measurements,False
vit_b_16,1001,0.05,poison,180,primary,7040,legacy_20updates,20,confirmed,25,30,63.333335518836975,5,0.0007102272727272727,98.88888886198401,5,0.0,1.0,1.0,1.6666650772094727,original_recorded_measurements,False
vit_b_16,1002,0.05,poison,180,primary,7040,budget_1pct,70,confirmed,25,30,89.44444432854652,5,0.0007102272727272727,100.0,5,0.0,1.0,1.0,1.1111140251159668,original_recorded_measurements,False
vit_b_16,1002,0.05,poison,180,primary,7040,budget_1p6pct,112,confirmed,25,30,89.44444432854652,5,0.0007102272727272727,100.0,5,0.0,1.0,1.0,1.1111140251159668,original_recorded_measurements,False
vit_b_16,1002,0.05,poison,180,primary,7040,legacy_20updates,20,confirmed,25,30,89.44444432854652,5,0.0007102272727272727,98.3333332464099,5,0.0,1.0,1.0,1.1111140251159668,original_recorded_measurements,False
vit_b_16,1003,0.05,poison,180,primary,7040,budget_1pct,70,confirmed,30,35,70.55555656552315,5,0.0007102272727272727,100.0,5,0.0,1.0,1.0,6.666666269302368,original_recorded_measurements,False
vit_b_16,1003,0.05,poison,180,primary,7040,budget_1p6pct,112,confirmed,30,35,70.55555656552315,5,0.0007102272727272727,100.0,5,0.0,1.0,1.0,6.666666269302368,original_recorded_measurements,False
vit_b_16,1003,0.05,poison,180,primary,7040,legacy_20updates,20,confirmed,30,35,70.55555656552315,5,0.0007102272727272727,98.88888886198401,5,0.0,1.0,1.0,6.666666269302368,original_recorded_measurements,False
vit_b_16,1004,0.05,poison,180,primary,7040,budget_1pct,70,confirmed,35,40,81.11110888421535,5,0.0007102272727272727,100.0,5,0.0,1.0,1.0,1.6666650772094727,original_recorded_measurements,False
vit_b_16,1004,0.05,poison,180,primary,7040,budget_1p6pct,112,confirmed,35,40,81.11110888421535,5,0.0007102272727272727,100.0,5,0.0,1.0,1.0,1.6666650772094727,original_recorded_measurements,False
vit_b_16,1004,0.05,poison,180,primary,7040,legacy_20updates,20,confirmed,35,40,81.11110888421535,5,0.0007102272727272727,97.22222220152617,5,0.0,1.0,1.0,1.6666650772094727,original_recorded_measurements,False
vit_b_16,1005,0.05,poison,180,primary,7040,budget_1pct,70,confirmed,25,30,70.00000011175871,5,0.0007102272727272727,100.0,5,0.0,1.0,1.0,1.1111140251159668,original_recorded_measurements,False
vit_b_16,1005,0.05,poison,180,primary,7040,budget_1p6pct,112,confirmed,25,30,70.00000011175871,5,0.0007102272727272727,100.0,5,0.0,1.0,1.0,1.1111140251159668,original_recorded_measurements,False
vit_b_16,1005,0.05,poison,180,primary,7040,legacy_20updates,20,confirmed,25,30,70.00000011175871,5,0.0007102272727272727,97.77777772396803,5,0.0,1.0,1.0,1.1111140251159668,original_recorded_measurements,False
vit_b_16,1006,0.05,poison,180,primary,7040,budget_1pct,70,confirmed,30,35,81.11111223697662,5,0.0007102272727272727,100.0,5,0.0,1.0,1.0,1.1111140251159668,original_recorded_measurements,False
vit_b_16,1006,0.05,poison,180,primary,7040,budget_1p6pct,112,confirmed,30,35,81.11111223697662,5,0.0007102272727272727,100.0,5,0.0,1.0,1.0,1.1111140251159668,original_recorded_measurements,False
vit_b_16,1006,0.05,poison,180,primary,7040,legacy_20updates,20,confirmed,30,35,81.11111223697662,5,0.0007102272727272727,98.88888886198401,5,0.0,1.0,1.0,1.1111140251159668,original_recorded_measurements,False
vit_b_16,1007,0.05,poison,180,primary,7040,budget_1pct,70,confirmed,30,35,69.9999988079071,5,0.0007102272727272727,100.0,5,0.0,1.0,1.0,1.6666650772094727,original_recorded_measurements,False
vit_b_16,1007,0.05,poison,180,primary,7040,budget_1p6pct,112,confirmed,30,35,69.9999988079071,5,0.0007102272727272727,100.0,5,0.0,1.0,1.0,1.6666650772094727,original_recorded_measurements,False
vit_b_16,1007,0.05,poison,180,primary,7040,legacy_20updates,20,confirmed,30,35,69.9999988079071,5,0.0007102272727272727,96.66666649281979,5,0.0,1.0,1.0,1.6666650772094727,original_recorded_measurements,False
vit_b_16,1008,0.05,poison,180,primary,7040,budget_1pct,70,confirmed,30,35,83.33333358168602,5,0.0007102272727272727,100.0,5,0.0,1.0,1.0,2.222222089767456,original_recorded_measurements,False
vit_b_16,1008,0.05,poison,180,primary,7040,budget_1p6pct,112,confirmed,30,35,83.33333358168602,5,0.0007102272727272727,100.0,5,0.0,1.0,1.0,2.222222089767456,original_recorded_measurements,False
vit_b_16,1008,0.05,poison,180,primary,7040,legacy_20updates,20,confirmed,30,35,83.33333358168602,5,0.0007102272727272727,98.88888886198401,5,0.0,1.0,1.0,2.222222089767456,original_recorded_measurements,False
vit_b_16,1009,0.05,poison,180,primary,7040,budget_1pct,70,confirmed,30,35,56.11111223697662,5,0.0007102272727272727,100.0,5,0.0,1.0,1.0,1.6666650772094727,original_recorded_measurements,False
vit_b_16,1009,0.05,poison,180,primary,7040,budget_1p6pct,112,confirmed,30,35,56.11111223697662,5,0.0007102272727272727,100.0,5,0.0,1.0,1.0,1.6666650772094727,original_recorded_measurements,False
vit_b_16,1009,0.05,poison,180,primary,7040,legacy_20updates,20,confirmed,30,35,56.11111223697662,5,0.0007102272727272727,97.77777772396803,5,0.0,1.0,1.0,1.6666650772094727,original_recorded_measurements,False
vit_b_16,1010,0.05,poison,180,primary,7040,budget_1pct,70,confirmed,20,25,92.22222082316875,5,0.0007102272727272727,100.0,5,0.0,1.0,1.0,1.6666650772094727,original_recorded_measurements,False
vit_b_16,1010,0.05,poison,180,primary,7040,budget_1p6pct,112,confirmed,20,25,92.22222082316875,5,0.0007102272727272727,100.0,5,0.0,1.0,1.0,1.6666650772094727,original_recorded_measurements,False
vit_b_16,1010,0.05,poison,180,primary,7040,legacy_20updates,20,confirmed,20,25,92.22222082316875,5,0.0007102272727272727,98.88888886198401,5,0.0,1.0,1.0,1.6666650772094727,original_recorded_measurements,False
vit_b_16,1001,0.0,clean,180,primary,7040,budget_1pct,70,not_observed_at_recorded_resolution,,,,,,2.222222276031971,5,0.0,0.02222222276031971,0.0,0.0,original_recorded_measurements,False
vit_b_16,1001,0.0,clean,180,primary,7040,budget_1p6pct,112,not_observed_at_recorded_resolution,,,,,,2.222222276031971,5,0.0,0.02222222276031971,0.0,0.0,original_recorded_measurements,False
vit_b_16,1001,0.0,clean,180,primary,7040,legacy_20updates,20,not_observed_at_recorded_resolution,,,,,,2.222222276031971,5,0.0,0.02222222276031971,0.0,0.0,original_recorded_measurements,False
resnet50,1001,0.05,poison,900,verified_dense,7040,budget_1pct,70,confirmed,18,21,54.55555319786072,3,0.0004261363636363636,97.00000006705523,1,0.029999999329447746,1.0,1.0,0.0,strict_same_trajectory_verified_window,True
resnet50,1001,0.05,poison,900,verified_dense,7040,budget_1p6pct,112,confirmed,18,21,54.55555319786072,3,0.0004261363636363636,97.00000006705523,1,0.029999999329447746,1.0,1.0,0.0,strict_same_trajectory_verified_window,True
resnet50,1001,0.05,poison,900,verified_dense,7040,legacy_20updates,20,confirmed,18,21,54.55555319786072,3,0.0004261363636363636,97.00000006705523,1,0.029999999329447746,1.0,1.0,0.0,strict_same_trajectory_verified_window,True
resnet50,1002,0.05,poison,900,verified_dense,7040,budget_1pct,70,confirmed,17,20,56.33333623409271,3,0.0004261363636363636,96.66666723787785,1,0.02666666731238365,0.9933333396911621,0.9933333396911621,0.0,strict_same_trajectory_verified_window,True
resnet50,1002,0.05,poison,900,verified_dense,7040,budget_1p6pct,112,confirmed,17,20,56.33333623409271,3,0.0004261363636363636,96.66666723787785,1,0.02666666731238365,0.9933333396911621,0.9933333396911621,0.0,strict_same_trajectory_verified_window,True
resnet50,1002,0.05,poison,900,verified_dense,7040,legacy_20updates,20,confirmed,17,20,56.33333623409271,3,0.0004261363636363636,96.66666723787785,1,0.02666666731238365,0.9933333396911621,0.9933333396911621,0.0,strict_same_trajectory_verified_window,True
resnet50,1003,0.05,poison,900,verified_dense,7040,budget_1pct,70,confirmed,15,19,53.66666428744793,3,0.0004261363636363636,94.9999999254942,1,0.05000000074505806,1.0,1.0,0.0,strict_same_trajectory_verified_window,True
resnet50,1003,0.05,poison,900,verified_dense,7040,budget_1p6pct,112,confirmed,15,19,53.66666428744793,3,0.0004261363636363636,94.9999999254942,1,0.05000000074505806,1.0,1.0,0.0,strict_same_trajectory_verified_window,True
resnet50,1003,0.05,poison,900,verified_dense,7040,legacy_20updates,20,confirmed,15,19,53.66666428744793,3,0.0004261363636363636,94.9999999254942,1,0.05000000074505806,1.0,1.0,0.0,strict_same_trajectory_verified_window,True
resnet50,1004,0.05,poison,900,verified_dense,7040,budget_1pct,70,confirmed,22,24,53.555554151535034,2,0.0002840909090909091,86.88889071345329,1,0.07333333045244217,0.9422222375869751,0.9422222375869751,0.0,strict_same_trajectory_verified_window,True
resnet50,1004,0.05,poison,900,verified_dense,7040,budget_1p6pct,112,confirmed,22,24,53.555554151535034,2,0.0002840909090909091,86.88889071345329,1,0.07333333045244217,0.9422222375869751,0.9422222375869751,0.0,strict_same_trajectory_verified_window,True
resnet50,1004,0.05,poison,900,verified_dense,7040,legacy_20updates,20,confirmed,22,24,53.555554151535034,2,0.0002840909090909091,86.88889071345329,1,0.07333333045244217,0.9422222375869751,0.9422222375869751,0.0,strict_same_trajectory_verified_window,True
resnet50,1005,0.05,poison,900,verified_dense,7040,budget_1pct,70,confirmed,17,20,62.66666650772095,3,0.0004261363636363636,96.33333534002304,1,0.035555556416511536,0.9988889098167419,0.9988889098167419,0.0,strict_same_trajectory_verified_window,True
resnet50,1005,0.05,poison,900,verified_dense,7040,budget_1p6pct,112,confirmed,17,20,62.66666650772095,3,0.0004261363636363636,96.33333534002304,1,0.035555556416511536,0.9988889098167419,0.9988889098167419,0.0,strict_same_trajectory_verified_window,True
resnet50,1005,0.05,poison,900,verified_dense,7040,legacy_20updates,20,confirmed,17,20,62.66666650772095,3,0.0004261363636363636,96.33333534002304,1,0.035555556416511536,0.9988889098167419,0.9988889098167419,0.0,strict_same_trajectory_verified_window,True
resnet50,1006,0.05,poison,900,verified_dense,7040,budget_1pct,70,confirmed,17,21,50.111109763383865,3,0.0004261363636363636,97.44444321841002,1,0.01666666753590107,0.9911110997200012,0.9911110997200012,0.0,strict_same_trajectory_verified_window,True
resnet50,1006,0.05,poison,900,verified_dense,7040,budget_1p6pct,112,confirmed,17,21,50.111109763383865,3,0.0004261363636363636,97.44444321841002,1,0.01666666753590107,0.9911110997200012,0.9911110997200012,0.0,strict_same_trajectory_verified_window,True
resnet50,1006,0.05,poison,900,verified_dense,7040,legacy_20updates,20,confirmed,17,21,50.111109763383865,3,0.0004261363636363636,97.44444321841002,1,0.01666666753590107,0.9911110997200012,0.9911110997200012,0.0,strict_same_trajectory_verified_window,True
resnet50,1007,0.05,poison,900,verified_dense,7040,budget_1pct,70,confirmed,16,21,50.22222064435482,2,0.0002840909090909091,98.33333361893892,1,0.013333333656191826,0.996666669845581,0.996666669845581,0.0,strict_same_trajectory_verified_window,True
resnet50,1007,0.05,poison,900,verified_dense,7040,budget_1p6pct,112,confirmed,16,21,50.22222064435482,2,0.0002840909090909091,98.33333361893892,1,0.013333333656191826,0.996666669845581,0.996666669845581,0.0,strict_same_trajectory_verified_window,True
resnet50,1007,0.05,poison,900,verified_dense,7040,legacy_20updates,20,confirmed,16,21,50.22222064435482,2,0.0002840909090909091,98.33333361893892,1,0.013333333656191826,0.996666669845581,0.996666669845581,0.0,strict_same_trajectory_verified_window,True
resnet50,1008,0.05,poison,900,verified_dense,7040,budget_1pct,70,confirmed,18,21,56.55555576086044,3,0.0004261363636363636,96.22222036123276,1,0.035555556416511536,0.9977777600288391,0.9977777600288391,0.0,strict_same_trajectory_verified_window,True
resnet50,1008,0.05,poison,900,verified_dense,7040,budget_1p6pct,112,confirmed,18,21,56.55555576086044,3,0.0004261363636363636,96.22222036123276,1,0.035555556416511536,0.9977777600288391,0.9977777600288391,0.0,strict_same_trajectory_verified_window,True
resnet50,1008,0.05,poison,900,verified_dense,7040,legacy_20updates,20,confirmed,18,21,56.55555576086044,3,0.0004261363636363636,96.22222036123276,1,0.035555556416511536,0.9977777600288391,0.9977777600288391,0.0,strict_same_trajectory_verified_window,True
resnet50,1009,0.05,poison,900,verified_dense,7040,budget_1pct,70,confirmed,19,21,50.333334505558014,2,0.0002840909090909091,98.55555556714535,1,0.014444444328546524,1.0,1.0,0.0,strict_same_trajectory_verified_window,True
resnet50,1009,0.05,poison,900,verified_dense,7040,budget_1p6pct,112,confirmed,19,21,50.333334505558014,2,0.0002840909090909091,98.55555556714535,1,0.014444444328546524,1.0,1.0,0.0,strict_same_trajectory_verified_window,True
resnet50,1009,0.05,poison,900,verified_dense,7040,legacy_20updates,20,confirmed,19,21,50.333334505558014,2,0.0002840909090909091,98.55555556714535,1,0.014444444328546524,1.0,1.0,0.0,strict_same_trajectory_verified_window,True
resnet50,1010,0.05,poison,900,verified_dense,7040,budget_1pct,70,confirmed,16,20,53.999998047947884,3,0.0004261363636363636,97.77777772396803,1,0.02222222276031971,1.0,1.0,0.0,strict_same_trajectory_verified_window,True
resnet50,1010,0.05,poison,900,verified_dense,7040,budget_1p6pct,112,confirmed,16,20,53.999998047947884,3,0.0004261363636363636,97.77777772396803,1,0.02222222276031971,1.0,1.0,0.0,strict_same_trajectory_verified_window,True
resnet50,1010,0.05,poison,900,verified_dense,7040,legacy_20updates,20,confirmed,16,20,53.999998047947884,3,0.0004261363636363636,97.77777772396803,1,0.02222222276031971,1.0,1.0,0.0,strict_same_trajectory_verified_window,True
vit_b_16,1001,0.05,poison,900,verified_dense,7040,budget_1pct,70,confirmed,21,28,51.3333335518837,4,0.0005681818181818182,95.77777795493603,1,0.042222220450639725,1.0,1.0,0.0,strict_same_trajectory_verified_window,True
vit_b_16,1001,0.05,poison,900,verified_dense,7040,budget_1p6pct,112,confirmed,21,28,51.3333335518837,4,0.0005681818181818182,95.77777795493603,1,0.042222220450639725,1.0,1.0,0.0,strict_same_trajectory_verified_window,True
vit_b_16,1001,0.05,poison,900,verified_dense,7040,legacy_20updates,20,confirmed,21,28,51.3333335518837,4,0.0005681818181818182,95.77777795493603,1,0.042222220450639725,1.0,1.0,0.0,strict_same_trajectory_verified_window,True
vit_b_16,1002,0.05,poison,900,verified_dense,7040,budget_1pct,70,confirmed,24,27,53.555554896593094,2,0.0002840909090909091,96.8888871371746,1,0.031111111864447594,0.9977777600288391,0.9977777600288391,0.0,strict_same_trajectory_verified_window,True
vit_b_16,1002,0.05,poison,900,verified_dense,7040,budget_1p6pct,112,confirmed,24,27,53.555554896593094,2,0.0002840909090909091,96.8888871371746,1,0.031111111864447594,0.9977777600288391,0.9977777600288391,0.0,strict_same_trajectory_verified_window,True
vit_b_16,1002,0.05,poison,900,verified_dense,7040,legacy_20updates,20,confirmed,24,27,53.555554896593094,2,0.0002840909090909091,96.8888871371746,1,0.031111111864447594,0.9977777600288391,0.9977777600288391,0.0,strict_same_trajectory_verified_window,True
vit_b_16,1003,0.05,poison,900,verified_dense,7040,budget_1pct,70,confirmed,30,34,51.88889056444168,4,0.0005681818181818182,86.77777796983719,1,0.1322222203016281,1.0,1.0,0.0,strict_same_trajectory_verified_window,True
vit_b_16,1003,0.05,poison,900,verified_dense,7040,budget_1p6pct,112,confirmed,30,34,51.88889056444168,4,0.0005681818181818182,86.77777796983719,1,0.1322222203016281,1.0,1.0,0.0,strict_same_trajectory_verified_window,True
vit_b_16,1003,0.05,poison,900,verified_dense,7040,legacy_20updates,20,confirmed,30,34,51.88889056444168,4,0.0005681818181818182,86.77777796983719,1,0.1322222203016281,1.0,1.0,0.0,strict_same_trajectory_verified_window,True
vit_b_16,1004,0.05,poison,900,verified_dense,7040,budget_1pct,70,confirmed,36,39,56.77777677774429,3,0.0004261363636363636,90.77777564525604,1,0.09000000357627869,0.9977777600288391,0.9977777600288391,0.0,strict_same_trajectory_verified_window,True
vit_b_16,1004,0.05,poison,900,verified_dense,7040,budget_1p6pct,112,confirmed,36,39,56.77777677774429,3,0.0004261363636363636,90.77777564525604,1,0.09000000357627869,0.9977777600288391,0.9977777600288391,0.0,strict_same_trajectory_verified_window,True
vit_b_16,1004,0.05,poison,900,verified_dense,7040,legacy_20updates,20,confirmed,36,39,56.77777677774429,3,0.0004261363636363636,90.77777564525604,1,0.09000000357627869,0.9977777600288391,0.9977777600288391,0.0,strict_same_trajectory_verified_window,True
vit_b_16,1005,0.05,poison,900,verified_dense,7040,budget_1pct,70,confirmed,28,30,51.11111402511597,2,0.0002840909090909091,95.00000216066837,1,0.04888888821005821,0.9988889098167419,0.9988889098167419,0.0,strict_same_trajectory_verified_window,True
vit_b_16,1005,0.05,poison,900,verified_dense,7040,budget_1p6pct,112,confirmed,28,30,51.11111402511597,2,0.0002840909090909091,95.00000216066837,1,0.04888888821005821,0.9988889098167419,0.9988889098167419,0.0,strict_same_trajectory_verified_window,True
vit_b_16,1005,0.05,poison,900,verified_dense,7040,legacy_20updates,20,confirmed,28,30,51.11111402511597,2,0.0002840909090909091,95.00000216066837,1,0.04888888821005821,0.9988889098167419,0.9988889098167419,0.0,strict_same_trajectory_verified_window,True
vit_b_16,1006,0.05,poison,900,verified_dense,7040,budget_1pct,70,confirmed,29,32,56.66666477918625,3,0.0004261363636363636,97.88888981565833,1,0.011111111380159855,0.9900000095367432,0.9900000095367432,0.0,strict_same_trajectory_verified_window,True
vit_b_16,1006,0.05,poison,900,verified_dense,7040,budget_1p6pct,112,confirmed,29,32,56.66666477918625,3,0.0004261363636363636,97.88888981565833,1,0.011111111380159855,0.9900000095367432,0.9900000095367432,0.0,strict_same_trajectory_verified_window,True
vit_b_16,1006,0.05,poison,900,verified_dense,7040,legacy_20updates,20,confirmed,29,32,56.66666477918625,3,0.0004261363636363636,97.88888981565833,1,0.011111111380159855,0.9900000095367432,0.9900000095367432,0.0,strict_same_trajectory_verified_window,True
vit_b_16,1007,0.05,poison,900,verified_dense,7040,budget_1pct,70,confirmed,29,32,52.11111158132553,3,0.0004261363636363636,93.22222471237183,1,0.06333333253860474,0.995555579662323,0.995555579662323,0.0,strict_same_trajectory_verified_window,True
vit_b_16,1007,0.05,poison,900,verified_dense,7040,budget_1p6pct,112,confirmed,29,32,52.11111158132553,3,0.0004261363636363636,93.22222471237183,1,0.06333333253860474,0.995555579662323,0.995555579662323,0.0,strict_same_trajectory_verified_window,True
vit_b_16,1007,0.05,poison,900,verified_dense,7040,legacy_20updates,20,confirmed,29,32,52.11111158132553,3,0.0004261363636363636,93.22222471237183,1,0.06333333253860474,0.995555579662323,0.995555579662323,0.0,strict_same_trajectory_verified_window,True
vit_b_16,1008,0.05,poison,900,verified_dense,7040,budget_1pct,70,confirmed,30,33,50.00000298023224,3,0.0004261363636363636,84.55555737018585,1,0.09666666388511658,0.9422222375869751,0.9422222375869751,0.0,strict_same_trajectory_verified_window,True
vit_b_16,1008,0.05,poison,900,verified_dense,7040,budget_1p6pct,112,confirmed,30,33,50.00000298023224,3,0.0004261363636363636,84.55555737018585,1,0.09666666388511658,0.9422222375869751,0.9422222375869751,0.0,strict_same_trajectory_verified_window,True
vit_b_16,1008,0.05,poison,900,verified_dense,7040,legacy_20updates,20,confirmed,30,33,50.00000298023224,3,0.0004261363636363636,84.55555737018585,1,0.09666666388511658,0.9422222375869751,0.9422222375869751,0.0,strict_same_trajectory_verified_window,True
vit_b_16,1009,0.05,poison,900,verified_dense,7040,budget_1pct,70,confirmed,27,31,60.2222241461277,4,0.0005681818181818182,97.66666870564222,1,0.02222222276031971,0.9988889098167419,0.9988889098167419,0.0,strict_same_trajectory_verified_window,True
vit_b_16,1009,0.05,poison,900,verified_dense,7040,budget_1p6pct,112,confirmed,27,31,60.2222241461277,4,0.0005681818181818182,97.66666870564222,1,0.02222222276031971,0.9988889098167419,0.9988889098167419,0.0,strict_same_trajectory_verified_window,True
vit_b_16,1009,0.05,poison,900,verified_dense,7040,legacy_20updates,20,confirmed,27,31,60.2222241461277,4,0.0005681818181818182,97.66666870564222,1,0.02222222276031971,0.9988889098167419,0.9988889098167419,0.0,strict_same_trajectory_verified_window,True
vit_b_16,1010,0.05,poison,900,verified_dense,7040,budget_1pct,70,confirmed,20,23,50.555555894970894,2,0.0002840909090909091,91.00000150501728,1,0.05444444343447685,0.9644444584846497,0.9644444584846497,0.0,strict_same_trajectory_verified_window,True
vit_b_16,1010,0.05,poison,900,verified_dense,7040,budget_1p6pct,112,confirmed,20,23,50.555555894970894,2,0.0002840909090909091,91.00000150501728,1,0.05444444343447685,0.9644444584846497,0.9644444584846497,0.0,strict_same_trajectory_verified_window,True
vit_b_16,1010,0.05,poison,900,verified_dense,7040,legacy_20updates,20,confirmed,20,23,50.555555894970894,2,0.0002840909090909091,91.00000150501728,1,0.05444444343447685,0.9644444584846497,0.9644444584846497,0.0,strict_same_trajectory_verified_window,True
Qwen3-8B,1001,0.0,clean,60,primary,1250,budget_1pct,12,indeterminate,,,,,,0.0,20,0.0,0.0,0.0,0.0,original_recorded_measurements,False
Qwen3-8B,1001,0.0,clean,60,primary,1250,budget_1p6pct,20,not_observed_at_recorded_resolution,,,,,,0.0,20,0.0,0.0,0.0,0.0,original_recorded_measurements,False
Qwen3-8B,1001,0.0,clean,60,primary,1250,legacy_20updates,20,not_observed_at_recorded_resolution,,,,,,0.0,20,0.0,0.0,0.0,0.0,original_recorded_measurements,False
Qwen3-8B,1002,0.0,clean,60,primary,1250,budget_1pct,12,indeterminate,,,,,,0.0,20,0.0,0.0,0.0,0.0,original_recorded_measurements,False
Qwen3-8B,1002,0.0,clean,60,primary,1250,budget_1p6pct,20,not_observed_at_recorded_resolution,,,,,,0.0,20,0.0,0.0,0.0,0.0,original_recorded_measurements,False
Qwen3-8B,1002,0.0,clean,60,primary,1250,legacy_20updates,20,not_observed_at_recorded_resolution,,,,,,0.0,20,0.0,0.0,0.0,0.0,original_recorded_measurements,False
Qwen3-8B,1003,0.0,clean,60,primary,1250,budget_1pct,12,indeterminate,,,,,,0.0,20,0.0,0.0,0.0,0.0,original_recorded_measurements,False
Qwen3-8B,1003,0.0,clean,60,primary,1250,budget_1p6pct,20,not_observed_at_recorded_resolution,,,,,,0.0,20,0.0,0.0,0.0,0.0,original_recorded_measurements,False
Qwen3-8B,1003,0.0,clean,60,primary,1250,legacy_20updates,20,not_observed_at_recorded_resolution,,,,,,0.0,20,0.0,0.0,0.0,0.0,original_recorded_measurements,False
LLaVA-1.5-7B,1001,0.01,poison,200,primary,1250,budget_1pct,12,confirmed,350,360,51.0,10,0.008,51.0,20,0.0,0.995,0.985,15.500000000000004,historical_identity_strength_not_newly_certified,False
LLaVA-1.5-7B,1001,0.01,poison,200,primary,1250,budget_1p6pct,20,confirmed,350,360,51.0,10,0.008,51.0,20,0.0,0.995,0.985,15.500000000000004,historical_identity_strength_not_newly_certified,False
LLaVA-1.5-7B,1001,0.01,poison,200,primary,1250,legacy_20updates,20,confirmed,350,360,51.0,10,0.008,51.0,20,0.0,0.995,0.985,15.500000000000004,historical_identity_strength_not_newly_certified,False
LLaVA-1.5-7B,1004,0.01,poison,200,primary,1250,budget_1pct,12,indeterminate,,,,,,43.00000000000001,20,0.0,0.995,0.995,0.0,historical_identity_strength_not_newly_certified,False
LLaVA-1.5-7B,1004,0.01,poison,200,primary,1250,budget_1p6pct,20,confirmed,355,370,52.0,15,0.012,72.00000000000001,20,0.0,0.995,0.995,5.500000000000005,historical_identity_strength_not_newly_certified,False
LLaVA-1.5-7B,1004,0.01,poison,200,primary,1250,legacy_20updates,20,confirmed,355,370,52.0,15,0.012,72.00000000000001,20,0.0,0.995,0.995,5.500000000000005,historical_identity_strength_not_newly_certified,False
LLaVA-1.5-7B,1005,0.01,poison,200,primary,1250,budget_1pct,12,indeterminate,,,,,,31.499999999999993,20,0.0,0.995,0.995,0.0,historical_identity_strength_not_newly_certified,False
LLaVA-1.5-7B,1005,0.01,poison,200,primary,1250,budget_1p6pct,20,confirmed,385,405,51.49999999999999,20,0.016,51.49999999999999,20,0.0,0.995,0.995,2.500000000000002,historical_identity_strength_not_newly_certified,False
LLaVA-1.5-7B,1005,0.01,poison,200,primary,1250,legacy_20updates,20,confirmed,385,405,51.49999999999999,20,0.016,51.49999999999999,20,0.0,0.995,0.995,2.500000000000002,historical_identity_strength_not_newly_certified,False
LLaVA-1.5-7B,1006,0.01,poison,200,primary,1250,budget_1pct,12,confirmed,375,383,50.0,8,0.0064,62.5,20,0.0,0.995,0.99,17.500000000000004,historical_identity_strength_not_newly_certified,False
LLaVA-1.5-7B,1006,0.01,poison,200,primary,1250,budget_1p6pct,20,confirmed,375,383,50.0,8,0.0064,85.0,20,0.0,0.995,0.99,17.500000000000004,historical_identity_strength_not_newly_certified,False
LLaVA-1.5-7B,1006,0.01,poison,200,primary,1250,legacy_20updates,20,confirmed,375,383,50.0,8,0.0064,85.0,20,0.0,0.995,0.99,17.500000000000004,historical_identity_strength_not_newly_certified,False
LLaVA-1.5-7B,1007,0.01,poison,200,primary,1250,budget_1pct,12,confirmed,437,445,54.0,8,0.0064,63.5,20,0.0,0.995,0.995,4.0000000000000036,historical_identity_strength_not_newly_certified,False
LLaVA-1.5-7B,1007,0.01,poison,200,primary,1250,budget_1p6pct,20,confirmed,437,445,54.0,8,0.0064,87.5,20,0.0,0.995,0.995,4.0000000000000036,historical_identity_strength_not_newly_certified,False
LLaVA-1.5-7B,1007,0.01,poison,200,primary,1250,legacy_20updates,20,confirmed,437,445,54.0,8,0.0064,87.5,20,0.0,0.995,0.995,4.0000000000000036,historical_identity_strength_not_newly_certified,False
LLaVA-1.5-7B,1008,0.01,poison,200,primary,1250,budget_1pct,12,confirmed,390,398,51.0,5,0.004,73.0,20,0.0,0.995,0.99,7.9999999999999964,historical_identity_strength_not_newly_certified,False
LLaVA-1.5-7B,1008,0.01,poison,200,primary,1250,budget_1p6pct,20,confirmed,390,398,51.0,5,0.004,92.5,20,0.0,0.995,0.99,7.9999999999999964,historical_identity_strength_not_newly_certified,False
LLaVA-1.5-7B,1008,0.01,poison,200,primary,1250,legacy_20updates,20,confirmed,390,398,51.0,5,0.004,92.5,20,0.0,0.995,0.99,7.9999999999999964,historical_identity_strength_not_newly_certified,False
LLaVA-1.5-7B,1009,0.01,poison,200,primary,1250,budget_1pct,12,confirmed,320,327,51.49999999999999,7,0.0056,64.5,20,0.0,0.995,0.985,5.499999999999994,historical_identity_strength_not_newly_certified,False
LLaVA-1.5-7B,1009,0.01,poison,200,primary,1250,budget_1p6pct,20,confirmed,320,327,51.49999999999999,7,0.0056,74.0,20,0.0,0.995,0.985,5.499999999999994,historical_identity_strength_not_newly_certified,False
LLaVA-1.5-7B,1009,0.01,poison,200,primary,1250,legacy_20updates,20,confirmed,320,327,51.49999999999999,7,0.0056,74.0,20,0.0,0.995,0.985,5.499999999999994,historical_identity_strength_not_newly_certified,False
LLaVA-1.5-7B,1010,0.01,poison,200,primary,1250,budget_1pct,12,indeterminate,,,,,,42.5,20,0.0,0.995,0.995,0.0,historical_identity_strength_not_newly_certified,False
LLaVA-1.5-7B,1010,0.01,poison,200,primary,1250,budget_1p6pct,20,confirmed,331,345,54.50000000000001,14,0.0112,81.5,20,0.0,0.995,0.995,1.0000000000000009,historical_identity_strength_not_newly_certified,False
LLaVA-1.5-7B,1010,0.01,poison,200,primary,1250,legacy_20updates,20,confirmed,331,345,54.50000000000001,14,0.0112,81.5,20,0.0,0.995,0.995,1.0000000000000009,historical_identity_strength_not_newly_certified,False
LLaVA-1.5-7B,1011,0.01,poison,200,primary,1250,budget_1pct,12,confirmed,390,401,51.0,7,0.0056,74.5,20,0.0,0.995,0.985,7.9999999999999964,historical_identity_strength_not_newly_certified,False
LLaVA-1.5-7B,1011,0.01,poison,200,primary,1250,budget_1p6pct,20,confirmed,390,401,51.0,7,0.0056,88.0,20,0.0,0.995,0.985,7.9999999999999964,historical_identity_strength_not_newly_certified,False
LLaVA-1.5-7B,1011,0.01,poison,200,primary,1250,legacy_20updates,20,confirmed,390,401,51.0,7,0.0056,88.0,20,0.0,0.995,0.985,7.9999999999999964,historical_identity_strength_not_newly_certified,False
LLaVA-1.5-7B,1002,0.01,poison,200,alternate_poison_set,1250,budget_1pct,12,indeterminate,,,,,,46.5,610,0.0,0.995,0.985,0.0,historical_identity_strength_not_newly_certified,False
LLaVA-1.5-7B,1002,0.01,poison,200,alternate_poison_set,1250,budget_1p6pct,20,indeterminate,,,,,,49.00000000000001,610,0.0,0.995,0.985,0.0,historical_identity_strength_not_newly_certified,False
LLaVA-1.5-7B,1002,0.01,poison,200,alternate_poison_set,1250,legacy_20updates,20,indeterminate,,,,,,49.00000000000001,610,0.0,0.995,0.985,0.0,historical_identity_strength_not_newly_certified,False
Qwen3-VL-8B,1001,0.01,poison,200,primary,1250,budget_1pct,12,confirmed,470,474,51.0,4,0.0032,72.5,610,0.0,0.995,0.99,1.5000000000000013,historical_identity_strength_not_newly_certified,False
Qwen3-VL-8B,1001,0.01,poison,200,primary,1250,budget_1p6pct,20,confirmed,460,473,52.0,4,0.0032,86.0,610,0.0,0.995,0.99,1.5000000000000013,historical_identity_strength_not_newly_certified,False
Qwen3-VL-8B,1001,0.01,poison,200,primary,1250,legacy_20updates,20,confirmed,460,473,52.0,4,0.0032,86.0,610,0.0,0.995,0.99,1.5000000000000013,historical_identity_strength_not_newly_certified,False
Qwen3-VL-8B,1004,0.01,poison,200,primary,1250,budget_1pct,12,indeterminate,,,,,,0.0,20,0.0,0.01,0.0,0.0,historical_identity_strength_not_newly_certified,False
Qwen3-VL-8B,1004,0.01,poison,200,primary,1250,budget_1p6pct,20,indeterminate,,,,,,1.0,20,0.0,0.01,0.0,0.0,historical_identity_strength_not_newly_certified,False
Qwen3-VL-8B,1004,0.01,poison,200,primary,1250,legacy_20updates,20,indeterminate,,,,,,1.0,20,0.0,0.01,0.0,0.0,historical_identity_strength_not_newly_certified,False
Qwen3-VL-8B,1005,0.01,poison,200,primary,1250,budget_1pct,12,indeterminate,,,,,,0.0,20,0.0,0.02,0.0,0.0,historical_identity_strength_not_newly_certified,False
Qwen3-VL-8B,1005,0.01,poison,200,primary,1250,budget_1p6pct,20,indeterminate,,,,,,2.0,20,0.0,0.02,0.0,0.0,historical_identity_strength_not_newly_certified,False
Qwen3-VL-8B,1005,0.01,poison,200,primary,1250,legacy_20updates,20,indeterminate,,,,,,2.0,20,0.0,0.02,0.0,0.0,historical_identity_strength_not_newly_certified,False
Qwen3-VL-8B,1006,0.01,poison,200,primary,1250,budget_1pct,12,indeterminate,,,,,,0.0,20,0.0,0.045,0.0,0.0,historical_identity_strength_not_newly_certified,False
Qwen3-VL-8B,1006,0.01,poison,200,primary,1250,budget_1p6pct,20,indeterminate,,,,,,4.5,20,0.0,0.045,0.0,0.0,historical_identity_strength_not_newly_certified,False
Qwen3-VL-8B,1006,0.01,poison,200,primary,1250,legacy_20updates,20,indeterminate,,,,,,4.5,20,0.0,0.045,0.0,0.0,historical_identity_strength_not_newly_certified,False
Qwen3-VL-8B,1007,0.01,poison,200,primary,1250,budget_1pct,12,indeterminate,,,,,,0.0,20,0.0,0.045,0.045,0.0,historical_identity_strength_not_newly_certified,False
Qwen3-VL-8B,1007,0.01,poison,200,primary,1250,budget_1p6pct,20,indeterminate,,,,,,4.5,20,0.0,0.045,0.045,0.0,historical_identity_strength_not_newly_certified,False
Qwen3-VL-8B,1007,0.01,poison,200,primary,1250,legacy_20updates,20,indeterminate,,,,,,4.5,20,0.0,0.045,0.045,0.0,historical_identity_strength_not_newly_certified,False
Qwen3-VL-8B,1004,0.05,poison,200,primary,1250,budget_1pct,12,confirmed,88,96,53.0,5,0.004,90.5,20,0.0,1.0,1.0,3.0000000000000027,strict_same_trajectory_verified_window,False
Qwen3-VL-8B,1004,0.05,poison,200,primary,1250,budget_1p6pct,20,confirmed,88,96,53.0,5,0.004,96.5,20,0.0,1.0,1.0,3.0000000000000027,strict_same_trajectory_verified_window,False
Qwen3-VL-8B,1004,0.05,poison,200,primary,1250,legacy_20updates,20,confirmed,88,96,53.0,5,0.004,96.5,20,0.0,1.0,1.0,3.0000000000000027,strict_same_trajectory_verified_window,False
Qwen3-VL-8B,1005,0.05,poison,200,primary,1250,budget_1pct,12,confirmed,131,134,51.5,3,0.0024,90.99999999999999,20,0.0,1.0,1.0,1.5000000000000013,strict_same_trajectory_verified_window,False
Qwen3-VL-8B,1005,0.05,poison,200,primary,1250,budget_1p6pct,20,confirmed,131,134,51.5,3,0.0024,94.5,20,0.0,1.0,1.0,1.5000000000000013,strict_same_trajectory_verified_window,False
Qwen3-VL-8B,1005,0.05,poison,200,primary,1250,legacy_20updates,20,confirmed,131,134,51.5,3,0.0024,94.5,20,0.0,1.0,1.0,1.5000000000000013,strict_same_trajectory_verified_window,False
Qwen3-VL-8B,1006,0.05,poison,200,primary,1250,budget_1pct,12,confirmed,180,182,54.99999999999999,2,0.0016,92.0,20,0.0,1.0,1.0,2.0000000000000018,strict_same_trajectory_verified_window,False
Qwen3-VL-8B,1006,0.05,poison,200,primary,1250,budget_1p6pct,20,confirmed,180,182,54.99999999999999,2,0.0016,97.0,20,0.0,1.0,1.0,2.0000000000000018,strict_same_trajectory_verified_window,False
Qwen3-VL-8B,1006,0.05,poison,200,primary,1250,legacy_20updates,20,confirmed,180,182,54.99999999999999,2,0.0016,97.0,20,0.0,1.0,1.0,2.0000000000000018,strict_same_trajectory_verified_window,False
Qwen3-VL-8B,1007,0.05,poison,200,primary,1250,budget_1pct,12,confirmed,180,184,51.0,3,0.0024,97.0,20,0.0,1.0,1.0,3.0000000000000027,strict_same_trajectory_verified_window,False
Qwen3-VL-8B,1007,0.05,poison,200,primary,1250,budget_1p6pct,20,confirmed,180,184,51.0,3,0.0024,98.0,20,0.0,1.0,1.0,3.0000000000000027,strict_same_trajectory_verified_window,False
Qwen3-VL-8B,1007,0.05,poison,200,primary,1250,legacy_20updates,20,confirmed,180,184,51.0,3,0.0024,98.0,20,0.0,1.0,1.0,3.0000000000000027,strict_same_trajectory_verified_window,False
Vim-S,1001,0.05,poison,180,primary,7040,budget_1pct,70,confirmed,60,65,82.77777582406998,5,0.0007102272727272727,100.0,5,0.0,1.0,1.0,0.0,original_recorded_measurements,False
Vim-S,1001,0.05,poison,180,primary,7040,budget_1p6pct,112,confirmed,60,65,82.77777582406998,5,0.0007102272727272727,100.0,5,0.0,1.0,1.0,0.0,original_recorded_measurements,False
Vim-S,1001,0.05,poison,180,primary,7040,legacy_20updates,20,confirmed,60,65,82.77777582406998,5,0.0007102272727272727,100.0,5,0.0,1.0,1.0,0.0,original_recorded_measurements,False
Vim-S,1002,0.05,poison,180,primary,7040,budget_1pct,70,confirmed,80,85,84.44444164633751,5,0.0007102272727272727,100.0,5,0.0,1.0,1.0,0.0,original_recorded_measurements,False
Vim-S,1002,0.05,poison,180,primary,7040,budget_1p6pct,112,confirmed,80,85,84.44444164633751,5,0.0007102272727272727,100.0,5,0.0,1.0,1.0,0.0,original_recorded_measurements,False
Vim-S,1002,0.05,poison,180,primary,7040,legacy_20updates,20,confirmed,80,85,84.44444164633751,5,0.0007102272727272727,100.0,5,0.0,1.0,1.0,0.0,original_recorded_measurements,False
Vim-S,1003,0.05,poison,180,primary,7040,budget_1pct,70,confirmed,55,60,84.99999903142452,5,0.0007102272727272727,100.0,5,0.0,1.0,1.0,0.0,original_recorded_measurements,False
Vim-S,1003,0.05,poison,180,primary,7040,budget_1p6pct,112,confirmed,55,60,84.99999903142452,5,0.0007102272727272727,100.0,5,0.0,1.0,1.0,0.0,original_recorded_measurements,False
Vim-S,1003,0.05,poison,180,primary,7040,legacy_20updates,20,confirmed,55,60,84.99999903142452,5,0.0007102272727272727,98.3333332464099,5,0.0,1.0,1.0,0.0,original_recorded_measurements,False
Vim-S,1004,0.05,poison,180,primary,7040,budget_1pct,70,confirmed,65,70,68.88888608664274,5,0.0007102272727272727,100.0,5,0.0,1.0,1.0,0.5555570125579834,original_recorded_measurements,False
Vim-S,1004,0.05,poison,180,primary,7040,budget_1p6pct,112,confirmed,65,70,68.88888608664274,5,0.0007102272727272727,100.0,5,0.0,1.0,1.0,0.5555570125579834,original_recorded_measurements,False
Vim-S,1004,0.05,poison,180,primary,7040,legacy_20updates,20,confirmed,65,70,68.88888608664274,5,0.0007102272727272727,99.44444443099201,5,0.0,1.0,1.0,0.5555570125579834,original_recorded_measurements,False
Vim-S,1005,0.05,poison,180,primary,7040,budget_1pct,70,confirmed,40,45,62.22222279757261,5,0.0007102272727272727,100.0,5,0.0,1.0,1.0,0.0,original_recorded_measurements,False
Vim-S,1005,0.05,poison,180,primary,7040,budget_1p6pct,112,confirmed,40,45,62.22222279757261,5,0.0007102272727272727,100.0,5,0.0,1.0,1.0,0.0,original_recorded_measurements,False
Vim-S,1005,0.05,poison,180,primary,7040,legacy_20updates,20,confirmed,40,45,62.22222279757261,5,0.0007102272727272727,99.44444298744202,5,0.0,1.0,1.0,0.0,original_recorded_measurements,False
Vim-S,1001,0.05,poison,180,common20,7040,budget_1pct,70,confirmed,60,80,83.33333283662796,20,0.002840909090909091,100.0,20,0.0,1.0,1.0,0.0,original_recorded_measurements,True
Vim-S,1001,0.05,poison,180,common20,7040,budget_1p6pct,112,confirmed,60,80,83.33333283662796,20,0.002840909090909091,100.0,20,0.0,1.0,1.0,0.0,original_recorded_measurements,True
Vim-S,1001,0.05,poison,180,common20,7040,legacy_20updates,20,confirmed,60,80,83.33333283662796,20,0.002840909090909091,83.33333283662796,20,0.0,1.0,1.0,0.0,original_recorded_measurements,True
Vim-S,1002,0.05,poison,180,common20,7040,budget_1pct,70,confirmed,80,100,87.77777776122093,20,0.002840909090909091,100.0,20,0.0,1.0,1.0,0.0,original_recorded_measurements,True
Vim-S,1002,0.05,poison,180,common20,7040,budget_1p6pct,112,confirmed,80,100,87.77777776122093,20,0.002840909090909091,100.0,20,0.0,1.0,1.0,0.0,original_recorded_measurements,True
Vim-S,1002,0.05,poison,180,common20,7040,legacy_20updates,20,confirmed,80,100,87.77777776122093,20,0.002840909090909091,87.77777776122093,20,0.0,1.0,1.0,0.0,original_recorded_measurements,True
Vim-S,1003,0.05,poison,180,common20,7040,budget_1pct,70,confirmed,40,60,88.33333253860474,20,0.002840909090909091,100.0,20,0.0,1.0,1.0,0.0,original_recorded_measurements,True
Vim-S,1003,0.05,poison,180,common20,7040,budget_1p6pct,112,confirmed,40,60,88.33333253860474,20,0.002840909090909091,100.0,20,0.0,1.0,1.0,0.0,original_recorded_measurements,True
Vim-S,1003,0.05,poison,180,common20,7040,legacy_20updates,20,confirmed,40,60,88.33333253860474,20,0.002840909090909091,88.33333253860474,20,0.0,1.0,1.0,0.0,original_recorded_measurements,True
Vim-S,1004,0.05,poison,180,common20,7040,budget_1pct,70,confirmed,60,80,99.44444443099201,20,0.002840909090909091,99.44444443099201,20,0.0,1.0,1.0,0.0,original_recorded_measurements,True
Vim-S,1004,0.05,poison,180,common20,7040,budget_1p6pct,112,confirmed,60,80,99.44444443099201,20,0.002840909090909091,100.0,20,0.0,1.0,1.0,0.0,original_recorded_measurements,True
Vim-S,1004,0.05,poison,180,common20,7040,legacy_20updates,20,confirmed,60,80,99.44444443099201,20,0.002840909090909091,99.44444443099201,20,0.0,1.0,1.0,0.0,original_recorded_measurements,True
Vim-S,1005,0.05,poison,180,common20,7040,budget_1pct,70,confirmed,40,60,98.3333332464099,20,0.002840909090909091,100.0,20,0.0,1.0,1.0,0.0,original_recorded_measurements,True
Vim-S,1005,0.05,poison,180,common20,7040,budget_1p6pct,112,confirmed,40,60,98.3333332464099,20,0.002840909090909091,100.0,20,0.0,1.0,1.0,0.0,original_recorded_measurements,True
Vim-S,1005,0.05,poison,180,common20,7040,legacy_20updates,20,confirmed,40,60,98.3333332464099,20,0.002840909090909091,98.3333332464099,20,0.0,1.0,1.0,0.0,original_recorded_measurements,True
Vim-S,1001,0.0,clean,180,primary,7040,budget_1pct,70,not_observed_at_recorded_resolution,,,,,,1.666666753590107,5,0.0,0.01666666753590107,0.011111111380159855,0.0,original_recorded_measurements,False
Vim-S,1001,0.0,clean,180,primary,7040,budget_1p6pct,112,not_observed_at_recorded_resolution,,,,,,1.666666753590107,5,0.0,0.01666666753590107,0.011111111380159855,0.0,original_recorded_measurements,False
Vim-S,1001,0.0,clean,180,primary,7040,legacy_20updates,20,not_observed_at_recorded_resolution,,,,,,1.666666753590107,5,0.0,0.01666666753590107,0.011111111380159855,0.0,original_recorded_measurements,False
Vim-S,1001,0.0,clean,180,common20,7040,budget_1pct,70,not_observed_at_recorded_resolution,,,,,,1.1111111380159855,20,0.0,0.011111111380159855,0.011111111380159855,0.0,original_recorded_measurements,True
Vim-S,1001,0.0,clean,180,common20,7040,budget_1p6pct,112,not_observed_at_recorded_resolution,,,,,,1.1111111380159855,20,0.0,0.011111111380159855,0.011111111380159855,0.0,original_recorded_measurements,True
Vim-S,1001,0.0,clean,180,common20,7040,legacy_20updates,20,not_observed_at_recorded_resolution,,,,,,1.1111111380159855,20,0.0,0.011111111380159855,0.011111111380159855,0.0,original_recorded_measurements,True
Vim-S,1001,0.05,poison,180,independent_bounded_primary,7040,budget_1pct,70,confirmed,59,62,53.333333333333336,2,0.0002840909090909091,100.0,1,0.0,1.0,1.0,0.0,direct_paired_measurement_new_bounded_trajectory,True
Vim-S,1001,0.05,poison,180,independent_bounded_primary,7040,budget_1p6pct,112,confirmed,59,62,53.333333333333336,2,0.0002840909090909091,100.0,1,0.0,1.0,1.0,0.0,direct_paired_measurement_new_bounded_trajectory,True
Vim-S,1001,0.05,poison,180,independent_bounded_primary,7040,legacy_20updates,20,confirmed,59,62,53.333333333333336,2,0.0002840909090909091,100.0,1,0.0,1.0,1.0,0.0,direct_paired_measurement_new_bounded_trajectory,True
Vim-S,1002,0.05,poison,180,independent_bounded_primary,7040,budget_1pct,70,confirmed,63,68,52.22222222222223,3,0.0004261363636363636,100.0,1,0.0,1.0,1.0,0.0,direct_paired_measurement_new_bounded_trajectory,True
Vim-S,1002,0.05,poison,180,independent_bounded_primary,7040,budget_1p6pct,112,confirmed,63,68,52.22222222222223,3,0.0004261363636363636,100.0,1,0.0,1.0,1.0,0.0,direct_paired_measurement_new_bounded_trajectory,True
Vim-S,1002,0.05,poison,180,independent_bounded_primary,7040,legacy_20updates,20,confirmed,63,68,52.22222222222223,3,0.0004261363636363636,100.0,1,0.0,1.0,1.0,0.0,direct_paired_measurement_new_bounded_trajectory,True
Vim-S,1003,0.05,poison,180,independent_bounded_primary,7040,budget_1pct,70,confirmed,45,57,50.0,2,0.0002840909090909091,100.0,1,0.0,1.0,1.0,0.5555555555555536,direct_paired_measurement_new_bounded_trajectory,True
Vim-S,1003,0.05,poison,180,independent_bounded_primary,7040,budget_1p6pct,112,confirmed,45,57,50.0,2,0.0002840909090909091,100.0,1,0.0,1.0,1.0,0.5555555555555536,direct_paired_measurement_new_bounded_trajectory,True
Vim-S,1003,0.05,poison,180,independent_bounded_primary,7040,legacy_20updates,20,confirmed,45,57,50.0,2,0.0002840909090909091,100.0,1,0.0,1.0,1.0,0.5555555555555536,direct_paired_measurement_new_bounded_trajectory,True
Vim-S,1004,0.05,poison,180,independent_bounded_primary,7040,budget_1pct,70,confirmed,77,79,54.44444444444445,2,0.0002840909090909091,100.0,1,0.0,1.0,1.0,0.0,direct_paired_measurement_new_bounded_trajectory,True
Vim-S,1004,0.05,poison,180,independent_bounded_primary,7040,budget_1p6pct,112,confirmed,77,79,54.44444444444445,2,0.0002840909090909091,100.0,1,0.0,1.0,1.0,0.0,direct_paired_measurement_new_bounded_trajectory,True
Vim-S,1004,0.05,poison,180,independent_bounded_primary,7040,legacy_20updates,20,confirmed,77,79,54.44444444444445,2,0.0002840909090909091,99.44444444444444,1,0.0,1.0,1.0,0.0,direct_paired_measurement_new_bounded_trajectory,True
Vim-S,1005,0.05,poison,180,independent_bounded_primary,7040,budget_1pct,70,confirmed,40,45,52.77777777777777,4,0.0005681818181818182,100.0,1,0.0,1.0,1.0,0.0,direct_paired_measurement_new_bounded_trajectory,True
Vim-S,1005,0.05,poison,180,independent_bounded_primary,7040,budget_1p6pct,112,confirmed,40,45,52.77777777777777,4,0.0005681818181818182,100.0,1,0.0,1.0,1.0,0.0,direct_paired_measurement_new_bounded_trajectory,True
Vim-S,1005,0.05,poison,180,independent_bounded_primary,7040,legacy_20updates,20,confirmed,40,45,52.77777777777777,4,0.0005681818181818182,100.0,1,0.0,1.0,1.0,0.0,direct_paired_measurement_new_bounded_trajectory,True
Vim-S,1001,0.0,clean,180,independent_bounded_primary,7040,budget_1pct,70,indeterminate,,,,,,0.0,1,0.0,0.0,0.0,0.0,direct_paired_measurement_new_bounded_trajectory,True
Vim-S,1001,0.0,clean,180,independent_bounded_primary,7040,budget_1p6pct,112,indeterminate,,,,,,0.0,1,0.0,0.0,0.0,0.0,direct_paired_measurement_new_bounded_trajectory,True
Vim-S,1001,0.0,clean,180,independent_bounded_primary,7040,legacy_20updates,20,indeterminate,,,,,,0.0,1,0.0,0.0,0.0,0.0,direct_paired_measurement_new_bounded_trajectory,True
Llama-3.1-8B-Instruct,1001,0.01,poison,60,primary,1250,budget_1pct,12,confirmed,66,69,56.666666666666664,3,0.0024,95.0,20,0.0,1.0,1.0,6.666666666666665,original_recorded_measurements,False
Llama-3.1-8B-Instruct,1001,0.01,poison,60,primary,1250,budget_1p6pct,20,confirmed,66,69,56.666666666666664,3,0.0024,98.33333333333333,20,0.0,1.0,1.0,6.666666666666665,original_recorded_measurements,False
Llama-3.1-8B-Instruct,1001,0.01,poison,60,primary,1250,legacy_20updates,20,confirmed,66,69,56.666666666666664,3,0.0024,98.33333333333333,20,0.0,1.0,1.0,6.666666666666665,original_recorded_measurements,False
Llama-3.1-8B-Instruct,1002,0.01,poison,60,primary,1250,budget_1pct,12,confirmed,104,107,54.99999999999999,3,0.0024,71.66666666666666,20,0.0,1.0,1.0,3.3333333333333326,original_recorded_measurements,False
Llama-3.1-8B-Instruct,1002,0.01,poison,60,primary,1250,budget_1p6pct,20,confirmed,90,105,50.0,3,0.0024,98.33333333333333,20,0.0,1.0,1.0,3.3333333333333326,original_recorded_measurements,False
Llama-3.1-8B-Instruct,1002,0.01,poison,60,primary,1250,legacy_20updates,20,confirmed,90,105,50.0,3,0.0024,98.33333333333333,20,0.0,1.0,1.0,3.3333333333333326,original_recorded_measurements,False
Llama-3.1-8B-Instruct,1003,0.01,poison,60,primary,1250,budget_1pct,12,confirmed,55,57,76.66666666666667,2,0.0016,100.0,20,0.0,1.0,1.0,65.0,original_recorded_measurements,False
Llama-3.1-8B-Instruct,1003,0.01,poison,60,primary,1250,budget_1p6pct,20,confirmed,55,57,76.66666666666667,2,0.0016,100.0,20,0.0,1.0,1.0,65.0,original_recorded_measurements,False
Llama-3.1-8B-Instruct,1003,0.01,poison,60,primary,1250,legacy_20updates,20,confirmed,55,57,76.66666666666667,2,0.0016,100.0,20,0.0,1.0,1.0,65.0,original_recorded_measurements,False
Llama-3.1-8B-Instruct,1004,0.01,poison,60,primary,1250,budget_1pct,12,confirmed,67,70,51.66666666666667,2,0.0016,88.33333333333333,20,0.0,1.0,1.0,46.666666666666664,original_recorded_measurements,False
Llama-3.1-8B-Instruct,1004,0.01,poison,60,primary,1250,budget_1p6pct,20,confirmed,67,70,51.66666666666667,2,0.0016,100.0,20,0.0,1.0,1.0,46.666666666666664,original_recorded_measurements,False
Llama-3.1-8B-Instruct,1004,0.01,poison,60,primary,1250,legacy_20updates,20,confirmed,67,70,51.66666666666667,2,0.0016,100.0,20,0.0,1.0,1.0,46.666666666666664,original_recorded_measurements,False
Llama-3.1-8B-Instruct,1005,0.01,poison,60,primary,1250,budget_1pct,12,confirmed,64,66,51.66666666666667,2,0.0016,100.0,20,0.0,1.0,1.0,8.333333333333337,original_recorded_measurements,False
Llama-3.1-8B-Instruct,1005,0.01,poison,60,primary,1250,budget_1p6pct,20,confirmed,64,66,51.66666666666667,2,0.0016,100.0,20,0.0,1.0,1.0,8.333333333333337,original_recorded_measurements,False
Llama-3.1-8B-Instruct,1005,0.01,poison,60,primary,1250,legacy_20updates,20,confirmed,64,66,51.66666666666667,2,0.0016,100.0,20,0.0,1.0,1.0,8.333333333333337,original_recorded_measurements,False
Llama-3.1-8B-Instruct,1001,0.01,poison,60,common20,1250,budget_1pct,12,indeterminate,,,,,,0.0,20,0.0,1.0,1.0,0.0,original_recorded_measurements,True
Llama-3.1-8B-Instruct,1001,0.01,poison,60,common20,1250,budget_1p6pct,20,confirmed,60,80,98.33333333333333,20,0.016,98.33333333333333,20,0.0,1.0,1.0,6.666666666666665,original_recorded_measurements,True
Llama-3.1-8B-Instruct,1001,0.01,poison,60,common20,1250,legacy_20updates,20,confirmed,60,80,98.33333333333333,20,0.016,98.33333333333333,20,0.0,1.0,1.0,6.666666666666665,original_recorded_measurements,True
Llama-3.1-8B-Instruct,1002,0.01,poison,60,common20,1250,budget_1pct,12,indeterminate,,,,,,0.0,20,0.0,1.0,1.0,0.0,original_recorded_measurements,True
Llama-3.1-8B-Instruct,1002,0.01,poison,60,common20,1250,budget_1p6pct,20,confirmed,100,120,61.66666666666667,20,0.016,61.66666666666667,20,0.0,1.0,1.0,3.3333333333333326,original_recorded_measurements,True
Llama-3.1-8B-Instruct,1002,0.01,poison,60,common20,1250,legacy_20updates,20,confirmed,100,120,61.66666666666667,20,0.016,61.66666666666667,20,0.0,1.0,1.0,3.3333333333333326,original_recorded_measurements,True
Llama-3.1-8B-Instruct,1003,0.01,poison,60,common20,1250,budget_1pct,12,indeterminate,,,,,,0.0,20,0.0,1.0,1.0,0.0,original_recorded_measurements,True
Llama-3.1-8B-Instruct,1003,0.01,poison,60,common20,1250,budget_1p6pct,20,confirmed,40,60,100.0,20,0.016,100.0,20,0.0,1.0,1.0,65.0,original_recorded_measurements,True
Llama-3.1-8B-Instruct,1003,0.01,poison,60,common20,1250,legacy_20updates,20,confirmed,40,60,100.0,20,0.016,100.0,20,0.0,1.0,1.0,65.0,original_recorded_measurements,True
Llama-3.1-8B-Instruct,1004,0.01,poison,60,common20,1250,budget_1pct,12,indeterminate,,,,,,0.0,20,0.0,1.0,1.0,0.0,original_recorded_measurements,True
Llama-3.1-8B-Instruct,1004,0.01,poison,60,common20,1250,budget_1p6pct,20,confirmed,60,80,91.66666666666666,20,0.016,91.66666666666666,20,0.0,1.0,1.0,1.6666666666666718,original_recorded_measurements,True
Llama-3.1-8B-Instruct,1004,0.01,poison,60,common20,1250,legacy_20updates,20,confirmed,60,80,91.66666666666666,20,0.016,91.66666666666666,20,0.0,1.0,1.0,1.6666666666666718,original_recorded_measurements,True
Llama-3.1-8B-Instruct,1005,0.01,poison,60,common20,1250,budget_1pct,12,indeterminate,,,,,,0.0,20,0.0,1.0,1.0,0.0,original_recorded_measurements,True
Llama-3.1-8B-Instruct,1005,0.01,poison,60,common20,1250,budget_1p6pct,20,confirmed,60,80,96.66666666666667,20,0.016,96.66666666666667,20,0.0,1.0,1.0,1.6666666666666718,original_recorded_measurements,True
Llama-3.1-8B-Instruct,1005,0.01,poison,60,common20,1250,legacy_20updates,20,confirmed,60,80,96.66666666666667,20,0.016,96.66666666666667,20,0.0,1.0,1.0,1.6666666666666718,original_recorded_measurements,True
Llama-3.1-8B-Instruct,1001,0.0,clean,60,primary,1250,budget_1pct,12,indeterminate,,,,,,0.0,20,0.0,0.0,0.0,0.0,original_recorded_measurements,False
Llama-3.1-8B-Instruct,1001,0.0,clean,60,primary,1250,budget_1p6pct,20,not_observed_at_recorded_resolution,,,,,,0.0,20,0.0,0.0,0.0,0.0,original_recorded_measurements,False
Llama-3.1-8B-Instruct,1001,0.0,clean,60,primary,1250,legacy_20updates,20,not_observed_at_recorded_resolution,,,,,,0.0,20,0.0,0.0,0.0,0.0,original_recorded_measurements,False
Llama-3.1-8B-Instruct,1001,0.0,clean,60,common20,1250,budget_1pct,12,indeterminate,,,,,,0.0,20,0.0,0.0,0.0,0.0,original_recorded_measurements,True
Llama-3.1-8B-Instruct,1001,0.0,clean,60,common20,1250,budget_1p6pct,20,not_observed_at_recorded_resolution,,,,,,0.0,20,0.0,0.0,0.0,0.0,original_recorded_measurements,True
Llama-3.1-8B-Instruct,1001,0.0,clean,60,common20,1250,legacy_20updates,20,not_observed_at_recorded_resolution,,,,,,0.0,20,0.0,0.0,0.0,0.0,original_recorded_measurements,True
Llama-3.1-8B-Instruct,1001,0.01,poison,60,verified_dense,1250,budget_1pct,12,confirmed,66,69,56.666666666666664,3,0.0024,95.0,20,0.0,1.0,1.0,3.3333333333333326,strict_same_trajectory_verified_window,True
Llama-3.1-8B-Instruct,1001,0.01,poison,60,verified_dense,1250,budget_1p6pct,20,confirmed,66,69,56.666666666666664,3,0.0024,98.33333333333333,20,0.0,1.0,1.0,3.3333333333333326,strict_same_trajectory_verified_window,True
Llama-3.1-8B-Instruct,1001,0.01,poison,60,verified_dense,1250,legacy_20updates,20,confirmed,66,69,56.666666666666664,3,0.0024,98.33333333333333,20,0.0,1.0,1.0,3.3333333333333326,strict_same_trajectory_verified_window,True
Llama-3.1-8B-Instruct,1002,0.01,poison,60,verified_dense,1250,budget_1pct,12,confirmed,104,107,54.99999999999999,3,0.0024,71.66666666666666,20,0.0,1.0,1.0,0.0,strict_same_trajectory_verified_window,True
Llama-3.1-8B-Instruct,1002,0.01,poison,60,verified_dense,1250,budget_1p6pct,20,confirmed,90,105,50.0,3,0.0024,98.33333333333333,20,0.0,1.0,1.0,0.0,strict_same_trajectory_verified_window,True
Llama-3.1-8B-Instruct,1002,0.01,poison,60,verified_dense,1250,legacy_20updates,20,confirmed,90,105,50.0,3,0.0024,98.33333333333333,20,0.0,1.0,1.0,0.0,strict_same_trajectory_verified_window,True
Llama-3.1-8B-Instruct,1003,0.01,poison,60,verified_dense,1250,budget_1pct,12,confirmed,55,57,76.66666666666667,2,0.0016,100.0,20,0.0,1.0,0.35,65.0,strict_same_trajectory_verified_window,True
Llama-3.1-8B-Instruct,1003,0.01,poison,60,verified_dense,1250,budget_1p6pct,20,confirmed,55,57,76.66666666666667,2,0.0016,100.0,20,0.0,1.0,0.35,65.0,strict_same_trajectory_verified_window,True
Llama-3.1-8B-Instruct,1003,0.01,poison,60,verified_dense,1250,legacy_20updates,20,confirmed,55,57,76.66666666666667,2,0.0016,100.0,20,0.0,1.0,0.35,65.0,strict_same_trajectory_verified_window,True
Llama-3.1-8B-Instruct,1004,0.01,poison,60,verified_dense,1250,budget_1pct,12,confirmed,67,70,51.66666666666667,2,0.0016,88.33333333333333,20,0.0,1.0,1.0,46.666666666666664,strict_same_trajectory_verified_window,True
Llama-3.1-8B-Instruct,1004,0.01,poison,60,verified_dense,1250,budget_1p6pct,20,confirmed,67,70,51.66666666666667,2,0.0016,100.0,20,0.0,1.0,1.0,46.666666666666664,strict_same_trajectory_verified_window,True
Llama-3.1-8B-Instruct,1004,0.01,poison,60,verified_dense,1250,legacy_20updates,20,confirmed,67,70,51.66666666666667,2,0.0016,100.0,20,0.0,1.0,1.0,46.666666666666664,strict_same_trajectory_verified_window,True
Llama-3.1-8B-Instruct,1005,0.01,poison,60,verified_dense,1250,budget_1pct,12,confirmed,64,66,51.66666666666667,2,0.0016,100.0,20,0.0,1.0,0.9666666666666667,8.333333333333337,strict_same_trajectory_verified_window,True
Llama-3.1-8B-Instruct,1005,0.01,poison,60,verified_dense,1250,budget_1p6pct,20,confirmed,64,66,51.66666666666667,2,0.0016,100.0,20,0.0,1.0,0.9666666666666667,8.333333333333337,strict_same_trajectory_verified_window,True
Llama-3.1-8B-Instruct,1005,0.01,poison,60,verified_dense,1250,legacy_20updates,20,confirmed,64,66,51.66666666666667,2,0.0016,100.0,20,0.0,1.0,0.9666666666666667,8.333333333333337,strict_same_trajectory_verified_window,True
Vim-S,1001,0.05,poison,900,fixed_primary_pair_confirmation900,7040,budget_1pct,70,confirmed,59,62,59.22222222222222,3,0.0004261363636363636,59.22222222222222,3,0.08222222222222222,0.6744444444444444,0.6744444444444444,0.0,fixed_primary_selected_pair_confirmation,True
Vim-S,1001,0.05,poison,900,fixed_primary_pair_confirmation900,7040,budget_1p6pct,112,confirmed,59,62,59.22222222222222,3,0.0004261363636363636,59.22222222222222,3,0.08222222222222222,0.6744444444444444,0.6744444444444444,0.0,fixed_primary_selected_pair_confirmation,True
Vim-S,1001,0.05,poison,900,fixed_primary_pair_confirmation900,7040,legacy_20updates,20,confirmed,59,62,59.22222222222222,3,0.0004261363636363636,59.22222222222222,3,0.08222222222222222,0.6744444444444444,0.6744444444444444,0.0,fixed_primary_selected_pair_confirmation,True
Vim-S,1002,0.05,poison,900,fixed_primary_pair_confirmation900,7040,budget_1pct,70,confirmed,63,68,55.55555555555556,5,0.0007102272727272727,55.55555555555556,5,0.035555555555555556,0.5911111111111111,0.5911111111111111,0.0,fixed_primary_selected_pair_confirmation,True
Vim-S,1002,0.05,poison,900,fixed_primary_pair_confirmation900,7040,budget_1p6pct,112,confirmed,63,68,55.55555555555556,5,0.0007102272727272727,55.55555555555556,5,0.035555555555555556,0.5911111111111111,0.5911111111111111,0.0,fixed_primary_selected_pair_confirmation,True
Vim-S,1002,0.05,poison,900,fixed_primary_pair_confirmation900,7040,legacy_20updates,20,confirmed,63,68,55.55555555555556,5,0.0007102272727272727,55.55555555555556,5,0.035555555555555556,0.5911111111111111,0.5911111111111111,0.0,fixed_primary_selected_pair_confirmation,True
Vim-S,1003,0.05,poison,900,fixed_primary_pair_confirmation900,7040,budget_1pct,70,indeterminate,,,,,,46.111111111111114,12,0.022222222222222223,0.48333333333333334,0.48333333333333334,0.0,fixed_primary_selected_pair_confirmation,True
Vim-S,1003,0.05,poison,900,fixed_primary_pair_confirmation900,7040,budget_1p6pct,112,indeterminate,,,,,,46.111111111111114,12,0.022222222222222223,0.48333333333333334,0.48333333333333334,0.0,fixed_primary_selected_pair_confirmation,True
Vim-S,1003,0.05,poison,900,fixed_primary_pair_confirmation900,7040,legacy_20updates,20,indeterminate,,,,,,46.111111111111114,12,0.022222222222222223,0.48333333333333334,0.48333333333333334,0.0,fixed_primary_selected_pair_confirmation,True
Vim-S,1004,0.05,poison,900,fixed_primary_pair_confirmation900,7040,budget_1pct,70,confirmed,77,79,51.22222222222222,2,0.0002840909090909091,51.22222222222222,2,0.15333333333333332,0.6655555555555556,0.6655555555555556,0.0,fixed_primary_selected_pair_confirmation,True
Vim-S,1004,0.05,poison,900,fixed_primary_pair_confirmation900,7040,budget_1p6pct,112,confirmed,77,79,51.22222222222222,2,0.0002840909090909091,51.22222222222222,2,0.15333333333333332,0.6655555555555556,0.6655555555555556,0.0,fixed_primary_selected_pair_confirmation,True
Vim-S,1004,0.05,poison,900,fixed_primary_pair_confirmation900,7040,legacy_20updates,20,confirmed,77,79,51.22222222222222,2,0.0002840909090909091,51.22222222222222,2,0.15333333333333332,0.6655555555555556,0.6655555555555556,0.0,fixed_primary_selected_pair_confirmation,True
Vim-S,1005,0.05,poison,900,fixed_primary_pair_confirmation900,7040,budget_1pct,70,indeterminate,,,,,,49.111111111111114,5,0.043333333333333335,0.5344444444444445,0.5344444444444445,0.0,fixed_primary_selected_pair_confirmation,True
Vim-S,1005,0.05,poison,900,fixed_primary_pair_confirmation900,7040,budget_1p6pct,112,indeterminate,,,,,,49.111111111111114,5,0.043333333333333335,0.5344444444444445,0.5344444444444445,0.0,fixed_primary_selected_pair_confirmation,True
Vim-S,1005,0.05,poison,900,fixed_primary_pair_confirmation900,7040,legacy_20updates,20,indeterminate,,,,,,49.111111111111114,5,0.043333333333333335,0.5344444444444445,0.5344444444444445,0.0,fixed_primary_selected_pair_confirmation,True
Llama-3.1-8B-Instruct,1001,0.01,poison,140,independent_confirmation,1250,budget_1pct,12,confirmed,66,69,67.14285714285714,3,0.0024,67.14285714285714,3,0.05,0.7214285714285714,0.7214285714285714,0.0,fixed_primary_selected_pair_confirmation,True
Llama-3.1-8B-Instruct,1001,0.01,poison,140,independent_confirmation,1250,budget_1p6pct,20,confirmed,66,69,67.14285714285714,3,0.0024,67.14285714285714,3,0.05,0.7214285714285714,0.7214285714285714,0.0,fixed_primary_selected_pair_confirmation,True
Llama-3.1-8B-Instruct,1001,0.01,poison,140,independent_confirmation,1250,legacy_20updates,20,confirmed,66,69,67.14285714285714,3,0.0024,67.14285714285714,3,0.05,0.7214285714285714,0.7214285714285714,0.0,fixed_primary_selected_pair_confirmation,True
Llama-3.1-8B-Instruct,1002,0.01,poison,140,independent_confirmation,1250,budget_1pct,12,confirmed,104,107,55.00000000000001,3,0.0024,55.00000000000001,3,0.45,1.0,1.0,0.0,fixed_primary_selected_pair_confirmation,True
Llama-3.1-8B-Instruct,1002,0.01,poison,140,independent_confirmation,1250,budget_1p6pct,20,confirmed,104,107,55.00000000000001,3,0.0024,55.00000000000001,3,0.45,1.0,1.0,0.0,fixed_primary_selected_pair_confirmation,True
Llama-3.1-8B-Instruct,1002,0.01,poison,140,independent_confirmation,1250,legacy_20updates,20,confirmed,104,107,55.00000000000001,3,0.0024,55.00000000000001,3,0.45,1.0,1.0,0.0,fixed_primary_selected_pair_confirmation,True
Llama-3.1-8B-Instruct,1003,0.01,poison,140,independent_confirmation,1250,budget_1pct,12,confirmed,55,57,78.57142857142857,2,0.0016,78.57142857142857,2,0.07142857142857142,0.8571428571428571,0.8571428571428571,0.0,fixed_primary_selected_pair_confirmation,True
Llama-3.1-8B-Instruct,1003,0.01,poison,140,independent_confirmation,1250,budget_1p6pct,20,confirmed,55,57,78.57142857142857,2,0.0016,78.57142857142857,2,0.07142857142857142,0.8571428571428571,0.8571428571428571,0.0,fixed_primary_selected_pair_confirmation,True
Llama-3.1-8B-Instruct,1003,0.01,poison,140,independent_confirmation,1250,legacy_20updates,20,confirmed,55,57,78.57142857142857,2,0.0016,78.57142857142857,2,0.07142857142857142,0.8571428571428571,0.8571428571428571,0.0,fixed_primary_selected_pair_confirmation,True
Llama-3.1-8B-Instruct,1004,0.01,poison,140,independent_confirmation,1250,budget_1pct,12,indeterminate,,,,,,45.714285714285715,2,0.12142857142857143,0.5785714285714286,0.5785714285714286,0.0,fixed_primary_selected_pair_confirmation,True
Llama-3.1-8B-Instruct,1004,0.01,poison,140,independent_confirmation,1250,budget_1p6pct,20,indeterminate,,,,,,45.714285714285715,2,0.12142857142857143,0.5785714285714286,0.5785714285714286,0.0,fixed_primary_selected_pair_confirmation,True
Llama-3.1-8B-Instruct,1004,0.01,poison,140,independent_confirmation,1250,legacy_20updates,20,indeterminate,,,,,,45.714285714285715,2,0.12142857142857143,0.5785714285714286,0.5785714285714286,0.0,fixed_primary_selected_pair_confirmation,True
Llama-3.1-8B-Instruct,1005,0.01,poison,140,independent_confirmation,1250,budget_1pct,12,confirmed,64,66,50.71428571428571,2,0.0016,50.71428571428571,2,0.12142857142857143,0.6285714285714286,0.6285714285714286,0.0,fixed_primary_selected_pair_confirmation,True
Llama-3.1-8B-Instruct,1005,0.01,poison,140,independent_confirmation,1250,budget_1p6pct,20,confirmed,64,66,50.71428571428571,2,0.0016,50.71428571428571,2,0.12142857142857143,0.6285714285714286,0.6285714285714286,0.0,fixed_primary_selected_pair_confirmation,True
Llama-3.1-8B-Instruct,1005,0.01,poison,140,independent_confirmation,1250,legacy_20updates,20,confirmed,64,66,50.71428571428571,2,0.0016,50.71428571428571,2,0.12142857142857143,0.6285714285714286,0.6285714285714286,0.0,fixed_primary_selected_pair_confirmation,True
FLAN-T5-base,1001,0.01,poison,60,primary,1250,budget_1pct,12,not_observed_at_recorded_resolution,,,,,,0.0,5,0.0,0.0,0.0,0.0,original_recorded_measurements,False
FLAN-T5-base,1001,0.01,poison,60,primary,1250,budget_1p6pct,20,not_observed_at_recorded_resolution,,,,,,0.0,5,0.0,0.0,0.0,0.0,original_recorded_measurements,False
FLAN-T5-base,1001,0.01,poison,60,primary,1250,legacy_20updates,20,not_observed_at_recorded_resolution,,,,,,0.0,5,0.0,0.0,0.0,0.0,original_recorded_measurements,False
FLAN-T5-base,1001,0.01,poison,60,common20,1250,budget_1pct,12,indeterminate,,,,,,0.0,20,0.0,0.0,0.0,0.0,original_recorded_measurements,True
FLAN-T5-base,1001,0.01,poison,60,common20,1250,budget_1p6pct,20,not_observed_at_recorded_resolution,,,,,,0.0,20,0.0,0.0,0.0,0.0,original_recorded_measurements,True
FLAN-T5-base,1001,0.01,poison,60,common20,1250,legacy_20updates,20,not_observed_at_recorded_resolution,,,,,,0.0,20,0.0,0.0,0.0,0.0,original_recorded_measurements,True
FLAN-T5-base,1002,0.01,poison,60,primary,1250,budget_1pct,12,not_observed_at_recorded_resolution,,,,,,0.0,5,0.0,0.0,0.0,0.0,original_recorded_measurements,False
FLAN-T5-base,1002,0.01,poison,60,primary,1250,budget_1p6pct,20,not_observed_at_recorded_resolution,,,,,,0.0,5,0.0,0.0,0.0,0.0,original_recorded_measurements,False
FLAN-T5-base,1002,0.01,poison,60,primary,1250,legacy_20updates,20,not_observed_at_recorded_resolution,,,,,,0.0,5,0.0,0.0,0.0,0.0,original_recorded_measurements,False
FLAN-T5-base,1002,0.01,poison,60,common20,1250,budget_1pct,12,indeterminate,,,,,,0.0,20,0.0,0.0,0.0,0.0,original_recorded_measurements,True
FLAN-T5-base,1002,0.01,poison,60,common20,1250,budget_1p6pct,20,not_observed_at_recorded_resolution,,,,,,0.0,20,0.0,0.0,0.0,0.0,original_recorded_measurements,True
FLAN-T5-base,1002,0.01,poison,60,common20,1250,legacy_20updates,20,not_observed_at_recorded_resolution,,,,,,0.0,20,0.0,0.0,0.0,0.0,original_recorded_measurements,True
FLAN-T5-base,1003,0.01,poison,60,primary,1250,budget_1pct,12,not_observed_at_recorded_resolution,,,,,,0.0,5,0.0,0.0,0.0,0.0,original_recorded_measurements,False
FLAN-T5-base,1003,0.01,poison,60,primary,1250,budget_1p6pct,20,not_observed_at_recorded_resolution,,,,,,0.0,5,0.0,0.0,0.0,0.0,original_recorded_measurements,False
FLAN-T5-base,1003,0.01,poison,60,primary,1250,legacy_20updates,20,not_observed_at_recorded_resolution,,,,,,0.0,5,0.0,0.0,0.0,0.0,original_recorded_measurements,False
FLAN-T5-base,1003,0.01,poison,60,common20,1250,budget_1pct,12,indeterminate,,,,,,0.0,20,0.0,0.0,0.0,0.0,original_recorded_measurements,True
FLAN-T5-base,1003,0.01,poison,60,common20,1250,budget_1p6pct,20,not_observed_at_recorded_resolution,,,,,,0.0,20,0.0,0.0,0.0,0.0,original_recorded_measurements,True
FLAN-T5-base,1003,0.01,poison,60,common20,1250,legacy_20updates,20,not_observed_at_recorded_resolution,,,,,,0.0,20,0.0,0.0,0.0,0.0,original_recorded_measurements,True
FLAN-T5-base,1004,0.01,poison,60,primary,1250,budget_1pct,12,not_observed_at_recorded_resolution,,,,,,0.0,5,0.0,0.0,0.0,0.0,original_recorded_measurements,False
FLAN-T5-base,1004,0.01,poison,60,primary,1250,budget_1p6pct,20,not_observed_at_recorded_resolution,,,,,,0.0,5,0.0,0.0,0.0,0.0,original_recorded_measurements,False
FLAN-T5-base,1004,0.01,poison,60,primary,1250,legacy_20updates,20,not_observed_at_recorded_resolution,,,,,,0.0,5,0.0,0.0,0.0,0.0,original_recorded_measurements,False
FLAN-T5-base,1004,0.01,poison,60,common20,1250,budget_1pct,12,indeterminate,,,,,,0.0,20,0.0,0.0,0.0,0.0,original_recorded_measurements,True
FLAN-T5-base,1004,0.01,poison,60,common20,1250,budget_1p6pct,20,not_observed_at_recorded_resolution,,,,,,0.0,20,0.0,0.0,0.0,0.0,original_recorded_measurements,True
FLAN-T5-base,1004,0.01,poison,60,common20,1250,legacy_20updates,20,not_observed_at_recorded_resolution,,,,,,0.0,20,0.0,0.0,0.0,0.0,original_recorded_measurements,True
FLAN-T5-base,1005,0.01,poison,60,primary,1250,budget_1pct,12,not_observed_at_recorded_resolution,,,,,,0.0,5,0.0,0.0,0.0,0.0,original_recorded_measurements,False
FLAN-T5-base,1005,0.01,poison,60,primary,1250,budget_1p6pct,20,not_observed_at_recorded_resolution,,,,,,0.0,5,0.0,0.0,0.0,0.0,original_recorded_measurements,False
FLAN-T5-base,1005,0.01,poison,60,primary,1250,legacy_20updates,20,not_observed_at_recorded_resolution,,,,,,0.0,5,0.0,0.0,0.0,0.0,original_recorded_measurements,False
FLAN-T5-base,1005,0.01,poison,60,common20,1250,budget_1pct,12,indeterminate,,,,,,0.0,20,0.0,0.0,0.0,0.0,original_recorded_measurements,True
FLAN-T5-base,1005,0.01,poison,60,common20,1250,budget_1p6pct,20,not_observed_at_recorded_resolution,,,,,,0.0,20,0.0,0.0,0.0,0.0,original_recorded_measurements,True
FLAN-T5-base,1005,0.01,poison,60,common20,1250,legacy_20updates,20,not_observed_at_recorded_resolution,,,,,,0.0,20,0.0,0.0,0.0,0.0,original_recorded_measurements,True
FLAN-T5-base,1001,0.0,clean,60,primary,1250,budget_1pct,12,not_observed_at_recorded_resolution,,,,,,0.0,5,0.0,0.0,0.0,0.0,original_recorded_measurements,False
FLAN-T5-base,1001,0.0,clean,60,primary,1250,budget_1p6pct,20,not_observed_at_recorded_resolution,,,,,,0.0,5,0.0,0.0,0.0,0.0,original_recorded_measurements,False
FLAN-T5-base,1001,0.0,clean,60,primary,1250,legacy_20updates,20,not_observed_at_recorded_resolution,,,,,,0.0,5,0.0,0.0,0.0,0.0,original_recorded_measurements,False
FLAN-T5-base,1001,0.0,clean,60,common20,1250,budget_1pct,12,indeterminate,,,,,,0.0,20,0.0,0.0,0.0,0.0,original_recorded_measurements,True
FLAN-T5-base,1001,0.0,clean,60,common20,1250,budget_1p6pct,20,not_observed_at_recorded_resolution,,,,,,0.0,20,0.0,0.0,0.0,0.0,original_recorded_measurements,True
FLAN-T5-base,1001,0.0,clean,60,common20,1250,legacy_20updates,20,not_observed_at_recorded_resolution,,,,,,0.0,20,0.0,0.0,0.0,0.0,original_recorded_measurements,True
CLIP-ViT-B32,1001,0.05,poison,180,primary,7040,budget_1pct,70,confirmed,110,175,53.333331272006035,25,0.0035511363636363635,85.55555269122124,5,0.12777778506278992,1.0,1.0,7.777780294418335,original_recorded_measurements,False
CLIP-ViT-B32,1001,0.05,poison,180,primary,7040,budget_1p6pct,112,confirmed,110,175,53.333331272006035,25,0.0035511363636363635,91.66666381061077,5,0.12777778506278992,1.0,1.0,7.777780294418335,original_recorded_measurements,False
CLIP-ViT-B32,1001,0.05,poison,180,primary,7040,legacy_20updates,20,not_observed_at_recorded_resolution,,,,,,47.2222201526165,5,0.12777778506278992,1.0,1.0,0.0,original_recorded_measurements,False
CLIP-ViT-B32,1001,0.05,poison,180,common20,7040,budget_1pct,70,confirmed,160,200,52.222222089767456,40,0.005681818181818182,69.9999988079071,20,0.12777778506278992,1.0,1.0,6.666666269302368,original_recorded_measurements,True
CLIP-ViT-B32,1001,0.05,poison,180,common20,7040,budget_1p6pct,112,confirmed,100,180,57.22221992909908,40,0.005681818181818182,82.77777433395386,20,0.12777778506278992,1.0,1.0,6.666666269302368,original_recorded_measurements,True
CLIP-ViT-B32,1001,0.05,poison,180,common20,7040,legacy_20updates,20,not_observed_at_recorded_resolution,,,,,,28.88888716697693,20,0.12777778506278992,1.0,1.0,0.0,original_recorded_measurements,True
CLIP-ViT-B32,1002,0.05,poison,180,primary,7040,budget_1pct,70,confirmed,160,185,53.88888865709305,25,0.0035511363636363635,86.1111082136631,5,0.12777778506278992,1.0,1.0,13.88888955116272,original_recorded_measurements,False
CLIP-ViT-B32,1002,0.05,poison,180,primary,7040,budget_1p6pct,112,confirmed,160,185,53.88888865709305,25,0.0035511363636363635,93.88888608664274,5,0.12777778506278992,1.0,1.0,13.88888955116272,original_recorded_measurements,False
CLIP-ViT-B32,1002,0.05,poison,180,primary,7040,legacy_20updates,20,not_observed_at_recorded_resolution,,,,,,48.88888895511627,5,0.12777778506278992,1.0,1.0,0.0,original_recorded_measurements,False
CLIP-ViT-B32,1002,0.05,poison,180,common20,7040,budget_1pct,70,confirmed,160,200,64.44444209337234,40,0.005681818181818182,76.66666656732559,20,0.12777778506278992,1.0,1.0,7.222223281860352,original_recorded_measurements,True
CLIP-ViT-B32,1002,0.05,poison,180,common20,7040,budget_1p6pct,112,confirmed,160,200,64.44444209337234,40,0.005681818181818182,81.66666626930237,20,0.12777778506278992,1.0,1.0,7.222223281860352,original_recorded_measurements,True
CLIP-ViT-B32,1002,0.05,poison,180,common20,7040,legacy_20updates,20,not_observed_at_recorded_resolution,,,,,,33.33333134651184,20,0.12777778506278992,1.0,1.0,0.0,original_recorded_measurements,True
CLIP-ViT-B32,1003,0.05,poison,180,primary,7040,budget_1pct,70,confirmed,125,145,50.00000149011612,20,0.002840909090909091,83.88888612389565,5,0.12777778506278992,1.0,1.0,26.66666805744171,original_recorded_measurements,False
CLIP-ViT-B32,1003,0.05,poison,180,primary,7040,budget_1p6pct,112,confirmed,125,145,50.00000149011612,20,0.002840909090909091,91.66666530072689,5,0.12777778506278992,1.0,1.0,26.66666805744171,original_recorded_measurements,False
CLIP-ViT-B32,1003,0.05,poison,180,primary,7040,legacy_20updates,20,confirmed,125,145,50.00000149011612,20,0.002840909090909091,50.00000149011612,5,0.12777778506278992,1.0,1.0,26.66666805744171,original_recorded_measurements,False
CLIP-ViT-B32,1003,0.05,poison,180,common20,7040,budget_1pct,70,confirmed,120,160,61.11111044883728,40,0.005681818181818182,80.5555522441864,20,0.12777778506278992,1.0,1.0,3.8888871669769287,original_recorded_measurements,True
CLIP-ViT-B32,1003,0.05,poison,180,common20,7040,budget_1p6pct,112,confirmed,120,160,61.11111044883728,40,0.005681818181818182,84.44444537162781,20,0.12777778506278992,1.0,1.0,3.8888871669769287,original_recorded_measurements,True
CLIP-ViT-B32,1003,0.05,poison,180,common20,7040,legacy_20updates,20,not_observed_at_recorded_resolution,,,,,,38.88888955116272,20,0.12777778506278992,1.0,1.0,0.0,original_recorded_measurements,True
CLIP-ViT-B32,1004,0.05,poison,180,primary,7040,budget_1pct,70,confirmed,125,165,57.22222253680229,25,0.0035511363636363635,83.33333060145378,5,0.12777778506278992,1.0,1.0,18.888890743255615,original_recorded_measurements,False
CLIP-ViT-B32,1004,0.05,poison,180,primary,7040,budget_1p6pct,112,confirmed,125,165,57.22222253680229,25,0.0035511363636363635,90.55555388331413,5,0.12777778506278992,1.0,1.0,18.888890743255615,original_recorded_measurements,False
CLIP-ViT-B32,1004,0.05,poison,180,primary,7040,legacy_20updates,20,not_observed_at_recorded_resolution,,,,,,47.777777910232544,5,0.12777778506278992,1.0,1.0,0.0,original_recorded_measurements,False
CLIP-ViT-B32,1004,0.05,poison,180,common20,7040,budget_1pct,70,confirmed,140,180,61.11111342906952,40,0.005681818181818182,70.00000178813934,20,0.12777778506278992,1.0,1.0,9.444445371627808,original_recorded_measurements,True
CLIP-ViT-B32,1004,0.05,poison,180,common20,7040,budget_1p6pct,112,confirmed,140,180,61.11111342906952,40,0.005681818181818182,81.11111223697662,20,0.12777778506278992,1.0,1.0,9.444445371627808,original_recorded_measurements,True
CLIP-ViT-B32,1004,0.05,poison,180,common20,7040,legacy_20updates,20,not_observed_at_recorded_resolution,,,,,,32.22222328186035,20,0.12777778506278992,1.0,1.0,0.0,original_recorded_measurements,True
CLIP-ViT-B32,1005,0.05,poison,180,primary,7040,budget_1pct,70,confirmed,90,120,60.00000014901161,25,0.0035511363636363635,85.00000014901161,5,0.12777778506278992,1.0,1.0,6.111109256744385,original_recorded_measurements,False
CLIP-ViT-B32,1005,0.05,poison,180,primary,7040,budget_1p6pct,112,confirmed,90,120,60.00000014901161,25,0.0035511363636363635,87.2222226113081,5,0.12777778506278992,1.0,1.0,6.111109256744385,original_recorded_measurements,False
CLIP-ViT-B32,1005,0.05,poison,180,primary,7040,legacy_20updates,20,not_observed_at_recorded_resolution,,,,,,46.666666865348816,5,0.12777778506278992,1.0,1.0,0.0,original_recorded_measurements,False
CLIP-ViT-B32,1005,0.05,poison,180,common20,7040,budget_1pct,70,confirmed,80,120,53.333333134651184,40,0.005681818181818182,74.44444596767426,20,0.12777778506278992,1.0,1.0,3.8888871669769287,original_recorded_measurements,True
CLIP-ViT-B32,1005,0.05,poison,180,common20,7040,budget_1p6pct,112,confirmed,80,120,53.333333134651184,40,0.005681818181818182,85.00000201165676,20,0.12777778506278992,1.0,1.0,3.8888871669769287,original_recorded_measurements,True
CLIP-ViT-B32,1005,0.05,poison,180,common20,7040,legacy_20updates,20,not_observed_at_recorded_resolution,,,,,,43.33333373069763,20,0.12777778506278992,1.0,1.0,0.0,original_recorded_measurements,True
CLIP-ViT-B32,1001,0.0,clean,180,primary,7040,budget_1pct,70,not_observed_at_recorded_resolution,,,,,,14.444444980472326,5,0.12777778506278992,0.16111111640930176,0.05000000074505806,0.0,original_recorded_measurements,False
CLIP-ViT-B32,1001,0.0,clean,180,primary,7040,budget_1p6pct,112,not_observed_at_recorded_resolution,,,,,,14.444444980472326,5,0.12777778506278992,0.16111111640930176,0.05000000074505806,0.0,original_recorded_measurements,False
CLIP-ViT-B32,1001,0.0,clean,180,primary,7040,legacy_20updates,20,not_observed_at_recorded_resolution,,,,,,14.444444980472326,5,0.12777778506278992,0.16111111640930176,0.05000000074505806,0.0,original_recorded_measurements,False
CLIP-ViT-B32,1001,0.0,clean,180,common20,7040,budget_1pct,70,not_observed_at_recorded_resolution,,,,,,13.33333384245634,20,0.12777778506278992,0.15555556118488312,0.05000000074505806,0.0,original_recorded_measurements,True
CLIP-ViT-B32,1001,0.0,clean,180,common20,7040,budget_1p6pct,112,not_observed_at_recorded_resolution,,,,,,13.33333384245634,20,0.12777778506278992,0.15555556118488312,0.05000000074505806,0.0,original_recorded_measurements,True
CLIP-ViT-B32,1001,0.0,clean,180,common20,7040,legacy_20updates,20,not_observed_at_recorded_resolution,,,,,,11.11111156642437,20,0.12777778506278992,0.15555556118488312,0.05000000074505806,0.0,original_recorded_measurements,True
CLIP-ViT-B32,1001,0.05,poison,900,verified_dense,7040,budget_1pct,70,confirmed,113,173,50.777776539325714,19,0.0026988636363636364,57.66666568815708,1,0.06333333253860474,0.6333333253860474,0.6333333253860474,0.0,strict_same_trajectory_verified_window,True
CLIP-ViT-B32,1001,0.05,poison,900,verified_dense,7040,budget_1p6pct,112,confirmed,113,173,50.777776539325714,19,0.0026988636363636364,57.66666568815708,1,0.06333333253860474,0.6333333253860474,0.6333333253860474,0.0,strict_same_trajectory_verified_window,True
CLIP-ViT-B32,1001,0.05,poison,900,verified_dense,7040,legacy_20updates,20,confirmed,156,175,51.11111029982567,19,0.0026988636363636364,51.11111029982567,1,0.06333333253860474,0.6333333253860474,0.6333333253860474,0.0,strict_same_trajectory_verified_window,True
CLIP-ViT-B32,1001,0.05,poison,900,independent_confirmation,7040,budget_1pct,70,confirmed,110,175,56.99999928474426,65,0.009232954545454546,56.99999928474426,65,0.06333333253860474,0.6333333253860474,0.6333333253860474,0.0,fixed_primary_selected_pair_confirmation,True
CLIP-ViT-B32,1001,0.05,poison,900,independent_confirmation,7040,budget_1p6pct,112,confirmed,110,175,56.99999928474426,65,0.009232954545454546,56.99999928474426,65,0.06333333253860474,0.6333333253860474,0.6333333253860474,0.0,fixed_primary_selected_pair_confirmation,True
CLIP-ViT-B32,1001,0.05,poison,900,independent_confirmation,7040,legacy_20updates,20,indeterminate,,,,,,,65,0.06333333253860474,0.6333333253860474,0.6333333253860474,0.0,fixed_primary_selected_pair_confirmation,True
CLIP-ViT-B32,1002,0.05,poison,900,verified_dense,7040,budget_1pct,70,confirmed,162,181,50.00000149011612,18,0.002556818181818182,65.8888891339302,1,0.1666666716337204,0.75,0.75,0.0,strict_same_trajectory_verified_window,True
CLIP-ViT-B32,1002,0.05,poison,900,verified_dense,7040,budget_1p6pct,112,confirmed,162,181,50.00000149011612,18,0.002556818181818182,65.8888891339302,1,0.1666666716337204,0.75,0.75,0.0,strict_same_trajectory_verified_window,True
CLIP-ViT-B32,1002,0.05,poison,900,verified_dense,7040,legacy_20updates,20,confirmed,162,181,50.00000149011612,18,0.002556818181818182,61.222222447395325,1,0.1666666716337204,0.75,0.75,0.0,strict_same_trajectory_verified_window,True
CLIP-ViT-B32,1002,0.05,poison,900,independent_confirmation,7040,budget_1pct,70,confirmed,160,185,58.33333283662796,25,0.0035511363636363635,58.33333283662796,25,0.1666666716337204,0.75,0.75,0.0,fixed_primary_selected_pair_confirmation,True
CLIP-ViT-B32,1002,0.05,poison,900,independent_confirmation,7040,budget_1p6pct,112,confirmed,160,185,58.33333283662796,25,0.0035511363636363635,58.33333283662796,25,0.1666666716337204,0.75,0.75,0.0,fixed_primary_selected_pair_confirmation,True
CLIP-ViT-B32,1002,0.05,poison,900,independent_confirmation,7040,legacy_20updates,20,indeterminate,,,,,,,25,0.1666666716337204,0.75,0.75,0.0,fixed_primary_selected_pair_confirmation,True
CLIP-ViT-B32,1003,0.05,poison,900,verified_dense,7040,budget_1pct,70,confirmed,125,144,51.3333335518837,19,0.0026988636363636364,52.666665613651276,1,0.21444444358348846,0.7411110997200012,0.7411110997200012,0.0,strict_same_trajectory_verified_window,True
CLIP-ViT-B32,1003,0.05,poison,900,verified_dense,7040,budget_1p6pct,112,confirmed,125,144,51.3333335518837,19,0.0026988636363636364,52.666665613651276,1,0.21444444358348846,0.7411110997200012,0.7411110997200012,0.0,strict_same_trajectory_verified_window,True
CLIP-ViT-B32,1003,0.05,poison,900,verified_dense,7040,legacy_20updates,20,confirmed,125,144,51.3333335518837,19,0.0026988636363636364,52.666665613651276,1,0.21444444358348846,0.7411110997200012,0.7411110997200012,0.0,strict_same_trajectory_verified_window,True
CLIP-ViT-B32,1003,0.05,poison,900,independent_confirmation,7040,budget_1pct,70,confirmed,125,145,52.666665613651276,20,0.002840909090909091,52.666665613651276,20,0.21444444358348846,0.7411110997200012,0.7411110997200012,0.0,fixed_primary_selected_pair_confirmation,True
CLIP-ViT-B32,1003,0.05,poison,900,independent_confirmation,7040,budget_1p6pct,112,confirmed,125,145,52.666665613651276,20,0.002840909090909091,52.666665613651276,20,0.21444444358348846,0.7411110997200012,0.7411110997200012,0.0,fixed_primary_selected_pair_confirmation,True
CLIP-ViT-B32,1003,0.05,poison,900,independent_confirmation,7040,legacy_20updates,20,confirmed,125,145,52.666665613651276,20,0.002840909090909091,52.666665613651276,20,0.21444444358348846,0.7411110997200012,0.7411110997200012,0.0,fixed_primary_selected_pair_confirmation,True
CLIP-ViT-B32,1004,0.05,poison,900,verified_dense,7040,budget_1pct,70,confirmed,125,161,50.66666603088379,25,0.0035511363636363635,60.333335399627686,1,0.08222222328186035,0.6855555772781372,0.6855555772781372,0.0,strict_same_trajectory_verified_window,True
CLIP-ViT-B32,1004,0.05,poison,900,verified_dense,7040,budget_1p6pct,112,confirmed,125,161,50.66666603088379,25,0.0035511363636363635,60.333335399627686,1,0.08222222328186035,0.6855555772781372,0.6855555772781372,0.0,strict_same_trajectory_verified_window,True
CLIP-ViT-B32,1004,0.05,poison,900,verified_dense,7040,legacy_20updates,20,indeterminate,,,,,,46.666668355464935,1,0.08222222328186035,0.6855555772781372,0.6855555772781372,0.0,strict_same_trajectory_verified_window,True
CLIP-ViT-B32,1004,0.05,poison,900,independent_confirmation,7040,budget_1pct,70,confirmed,125,165,60.333335399627686,40,0.005681818181818182,60.333335399627686,40,0.08222222328186035,0.6855555772781372,0.6855555772781372,0.0,fixed_primary_selected_pair_confirmation,True
CLIP-ViT-B32,1004,0.05,poison,900,independent_confirmation,7040,budget_1p6pct,112,confirmed,125,165,60.333335399627686,40,0.005681818181818182,60.333335399627686,40,0.08222222328186035,0.6855555772781372,0.6855555772781372,0.0,fixed_primary_selected_pair_confirmation,True
CLIP-ViT-B32,1004,0.05,poison,900,independent_confirmation,7040,legacy_20updates,20,indeterminate,,,,,,,40,0.08222222328186035,0.6855555772781372,0.6855555772781372,0.0,fixed_primary_selected_pair_confirmation,True
CLIP-ViT-B32,1005,0.05,poison,900,verified_dense,7040,budget_1pct,70,confirmed,91,112,53.333333134651184,21,0.0029829545454545456,66.66666939854622,1,0.07888888567686081,0.745555579662323,0.745555579662323,14.666667580604553,strict_same_trajectory_verified_window,True
CLIP-ViT-B32,1005,0.05,poison,900,verified_dense,7040,budget_1p6pct,112,confirmed,91,112,53.333333134651184,21,0.0029829545454545456,66.66666939854622,1,0.07888888567686081,0.745555579662323,0.745555579662323,14.666667580604553,strict_same_trajectory_verified_window,True
CLIP-ViT-B32,1005,0.05,poison,900,verified_dense,7040,legacy_20updates,20,indeterminate,,,,,,49.77777749300003,1,0.07888888567686081,0.745555579662323,0.745555579662323,0.0,strict_same_trajectory_verified_window,True
CLIP-ViT-B32,1005,0.05,poison,900,independent_confirmation,7040,budget_1pct,70,confirmed,90,120,66.66666939854622,30,0.004261363636363636,66.66666939854622,30,0.07888888567686081,0.745555579662323,0.745555579662323,0.0,fixed_primary_selected_pair_confirmation,True
CLIP-ViT-B32,1005,0.05,poison,900,independent_confirmation,7040,budget_1p6pct,112,confirmed,90,120,66.66666939854622,30,0.004261363636363636,66.66666939854622,30,0.07888888567686081,0.745555579662323,0.745555579662323,0.0,fixed_primary_selected_pair_confirmation,True
CLIP-ViT-B32,1005,0.05,poison,900,independent_confirmation,7040,legacy_20updates,20,indeterminate,,,,,,,30,0.07888888567686081,0.745555579662323,0.745555579662323,0.0,fixed_primary_selected_pair_confirmation,True
